,p,panduan
r_0001,1.101691134361795e-264,1
r_0002,7.405324177215651e-150,1
r_0003,0.0,1
r_0004,1.7927007185727903e-64,1
r_0005,0.0,1
r_0006,0.0,1
r_0007,2.699476299411546e-113,1
r_0012,6.0731421198494345e-199,1
r_0013,6.290736090567396e-229,1
r_0014,0.0,1
r_0015,0.0,1
r_0016,2.5889067362303044e-134,1
r_0017,0.0,1
r_0018,4.6148738250850197e-293,1
r_0019,8.809921523752476e-58,1
r_0020,0.0,1
r_0021,1.943201253605107e-291,1
r_0022,1.943201253605107e-291,1
r_0023,8.513941678114692e-291,1
r_0024,5.853278772774125e-63,1
r_0025,0.0,1
r_0026,3.7661704684362e-170,1
r_0027,4.6148738250850197e-293,1
r_0028,1.067830498088082e-258,1
r_0029,0.0,1
r_0030,1000,0
r_0032,0.0,1
r_0033,5.06186721339295e-52,1
r_0034,1000,0
r_0035,1000,0
r_0036,6.82502520421205e-70,1
r_0037,1000,0
r_0038,0.0,1
r_0039,0.0,1
r_0040,0.0,1
r_0041,3.675867349536918e-39,1
r_0042,6.945524287679924e-306,1
r_0043,1.943201253605107e-291,1
r_0044,1.943201253605107e-291,1
r_0045,0.0,1
r_0057,1.6447943635747166e-142,1
r_0058,0.0,1
r_0059,1000,0
r_0060,8.513941678114692e-291,1
r_0061,0.0,1
r_0062,0.0,1
r_0063,8.809921523752476e-58,1
r_0064,0.0,1
r_0065,0.0,1
r_0066,0.0,1
r_0067,0.0,1
r_0068,0.0,1
r_0069,1000,0
r_0070,1000,0
r_0072,1.5332795156222327e-28,1
r_0073,1000,0
r_0074,1000,0
r_0075,6.290736090567396e-229,1
r_0076,6.903878290994294e-126,1
r_0077,1.7954612464063384e-44,1
r_0078,0.0018659088085035704,1
r_0079,0.0,1
r_0080,8.613399176889767e-288,1
r_0081,0.0,1
r_0082,7.58770048521004e-39,1
r_0083,2.6638269486084816e-30,1
r_0084,0.0,1
r_0085,1000,0
r_0086,6.290736090567396e-229,1
r_0087,6.290736090567396e-229,1
r_0088,1000,0
r_0089,1.0355806348039103e-26,1
r_0090,9.445191380827563e-111,1
r_0091,0.0,1
r_0092,1000,0
r_0093,1000,0
r_0094,1000,0
r_0095,3.26856839964537e-307,1
r_0096,0.0,1
r_0097,0.0,1
r_0099,1000,0
r_0100,2.4544305347041758e-194,1
r_0101,2.8051127040920005e-25,1
r_0102,2.3679894025522203e-190,1
r_0103,3.9617740515088217e-247,1
r_0104,0.0,1
r_0105,1.6447943635747166e-142,1
r_0106,0.0,1
r_0107,0.0,1
r_0108,1000,0
r_0109,0.0,1
r_0111,1.0786914710211223e-148,1
r_0112,0.0,1
r_0113,1.7985613781642346e-55,1
r_0114,0.0,1
r_0115,0.0,1
r_0116,0.0,1
r_0117,1.067830498088082e-258,1
r_0118,0.0,1
r_0119,1.3672382202289756e-105,1
r_0120,0.0,1
r_0121,1.8999378819315882e-36,1
r_0122,2.8051127040920005e-25,1
r_0123,2.3679894025522203e-190,1
r_0124,2.4544305347041758e-194,1
r_0125,3.7838321963273067e-78,1
r_0126,8.757741084740857e-30,1
r_0127,5.521677727379489e-32,1
r_0128,2.470012608053179e-80,1
r_0129,1.4643259564200847e-21,1
r_0130,1.611386994281534e-50,1
r_0131,1.8245688506453978e-29,1
r_0132,5.1908453660279604e-39,1
r_0133,3.926792915182613e-39,1
r_0134,1.2699860467869198e-70,1
r_0135,7.673298847541415e-76,1
r_0137,1000,0
r_0138,4.3599567604400994e-35,1
r_0139,2.1010212793586628e-199,1
r_0140,3.979850804812355e-294,1
r_0142,0.0,1
r_0143,2.8794686048529353e-64,1
r_0144,4.588682496277593e-233,1
r_0145,6.290736090567396e-229,1
r_0146,1000,0
r_0147,5.06186721339295e-52,1
r_0148,0.0,1
r_0149,3.797117012376501e-41,1
r_0150,9.007359530532438e-11,1
r_0151,0.0,1
r_0152,1.2370587334610812e-111,1
r_0153,1.2370587334610812e-111,1
r_0154,0.0,1
r_0155,0.0,1
r_0156,1.1125667051761491e-214,1
r_0157,0.0,1
r_0158,0.0,1
r_0159,8.326797656829483e-132,1
r_0160,2.0836792840203337e-19,1
r_0161,9.737349923755931e-88,1
r_0162,0.0,1
r_0163,0.0,1
r_0164,0.0,1
r_0165,0.0,1
r_0166,0.0,1
r_0167,0.0,1
r_0168,0.0,1
r_0169,0.0,1
r_0170,0.0,1
r_0171,0.0,1
r_0172,1.8442312340371972e-246,1
r_0173,5.4556215370349265e-301,1
r_0174,5.598362868646145e-81,1
r_0175,0.0,1
r_0176,1000,0
r_0177,2.8763835724043656e-197,1
r_0178,2.8763835724043656e-197,1
r_0179,2.8694938004529557e-82,1
r_0180,5.0142170775972205e-92,1
r_0181,0.0,1
r_0182,0.0,1
r_0183,0.0,1
r_0184,0.0,1
r_0185,1000,0
r_0186,1.575562373443272e-48,1
r_0187,2.108264014255021e-105,1
r_0188,0.0,1
r_0189,0.0,1
r_0190,0.0,1
r_0191,1.8441139269195565e-37,1
r_0192,1000,0
r_0193,7.635328920564082e-23,1
r_0194,6.369686120043377e-47,1
r_0195,2.9072419264174383e-71,1
r_0198,1000,0
r_0199,1000,0
r_0200,2.7267605042587692e-83,1
r_0201,9.637396111968045e-52,1
r_0202,4.345495980451331e-77,1
r_0203,0.0,1
r_0204,3.6111692146577975e-52,1
r_0205,1000,0
r_0206,0.0,1
r_0207,0.0,1
r_0208,0.0,1
r_0209,0.0,1
r_0210,1000,0
r_0211,2.517194947580089e-175,1
r_0212,0.0,1
r_0213,1000,0
r_0214,0.0,1
r_0215,2.5716103145066e-310,1
r_0216,0.0,1
r_0217,0.0,1
r_0218,0.0,1
r_0219,2.5716103145066e-310,1
r_0220,0.0,1
r_0221,1000,0
r_0222,3.6111692146577975e-52,1
r_0223,1000,0
r_0224,1000,0
r_0225,2.699476299411546e-113,1
r_0226,0.0,1
r_0227,1.1348471321014557e-25,1
r_0228,1000,0
r_0229,1000,0
r_0230,1000,0
r_0231,5.342617704935385e-234,1
r_0233,0.0,1
r_0234,0.0,1
r_0235,0.0,1
r_0236,0.0,1
r_0237,0.0,1
r_0238,0.0,1
r_0239,0.0,1
r_0240,0.0,1
r_0241,0.0,1
r_0242,0.0,1
r_0243,0.0,1
r_0244,0.0,1
r_0249,1000,0
r_0250,0.0,1
r_0252,1.0807480205540192e-13,1
r_0253,1.1754696633518774e-05,1
r_0254,4.220271390622616e-08,1
r_0255,8.274170664005618e-26,1
r_0256,0.0,1
r_0259,0.0,1
r_0260,0.0,1
r_0261,0.0,1
r_0262,0.0,1
r_0263,2.1410241703247762e-61,1
r_0264,2.9118816322883504e-34,1
r_0265,3.363052871636894e-34,1
r_0266,2.8620044309653734e-24,1
r_0267,0.0,1
r_0268,0.0,1
r_0269,0.0,1
r_0270,0.0,1
r_0271,1000,0
r_0272,1000,0
r_0273,0.0,1
r_0274,0.0,1
r_0278,1.0130320168765542e-245,1
r_0279,0.0,1
r_0280,1.2474653132632065e-303,1
r_0281,0.9959450972049425,0
r_0282,0.9959450972049425,0
r_0283,0.9959450972049425,0
r_0284,0.9959450972049425,0
r_0285,0.9959450972049425,0
r_0286,0.9959450972049425,0
r_0287,0.9959450972049425,0
r_0288,0.9959450972049425,0
r_0289,0.9959450972049425,0
r_0290,0.9959450972049425,0
r_0291,0.9959450972049425,0
r_0292,1000,0
r_0293,1000,0
r_0294,1000,0
r_0295,1000,0
r_0296,1000,0
r_0297,1000,0
r_0298,1000,0
r_0299,1000,0
r_0300,0.0,1
r_0301,0.0,1
r_0302,1.2474653132632065e-303,1
r_0303,5.251947798055811e-290,1
r_0304,0.0,1
r_0306,2.3910656512655046e-187,1
r_0307,0.0,1
r_0308,1.524136553667105e-274,1
r_0309,1.3282233001931337e-187,1
r_0310,8.456246699624533e-134,1
r_0311,0.0,1
r_0312,6.107227728399432e-290,1
r_0313,0.0,1
r_0314,1.429922317762776e-142,1
r_0315,0.0,1
r_0317,5.342617704935385e-234,1
r_0318,0.0,1
r_0319,1000,0
r_0320,1000,0
r_0321,1000,0
r_0322,5.314375439477014e-100,1
r_0323,1000,0
r_0326,9.158674831058655e-78,1
r_0327,1.355176504328715e-59,1
r_0328,1.7149509826194494e-211,1
r_0329,4.503397265051929e-43,1
r_0330,1.3031086438946624e-36,1
r_0331,1000,0
r_0332,1000,0
r_0334,1.3460445190365394e-32,1
r_0335,1000,0
r_0340,2.141024170322876e-61,1
r_0341,2.9118816322883504e-34,1
r_0342,0.0,1
r_0343,0.0,1
r_0344,3.7791249366919787e-57,1
r_0345,8.194021234711104e-272,1
r_0346,0.0,1
r_0347,0.0,1
r_0348,0.0,1
r_0349,0.0,1
r_0350,0.0,1
r_0351,0.0,1
r_0352,0.0,1
r_0353,2.5889067362303044e-134,1
r_0354,1.0902190674979224e-154,1
r_0355,3.3714832745123106e-163,1
r_0356,1000,0
r_0357,3.722843990066129e-27,1
r_0358,1.1808719928309285e-05,1
r_0359,1000,0
r_0360,1000,0
r_0361,0.0,1
r_0362,0.0,1
r_0363,0.1891257192654094,0
r_0364,3.496373319878619e-114,1
r_0365,1000,0
r_0366,0.0,1
r_0368,0.0,1
r_0369,2.1636167725665546e-08,1
r_0370,1000,0
r_0373,1.943201253605107e-291,1
r_0399,0.0010508033521299874,1
r_0400,9.639792053155554e-105,1
r_0402,1.1314179857226245e-15,1
r_0410,6.794656007147246e-16,1
r_0412,1.9463907018049884e-23,1
r_0436,0.0,1
r_0437,1.2264340096275223e-100,1
r_0438,0.0,1
r_0439,0.0,1
r_0440,1.2857375899447814e-57,1
r_0441,1.9451138233526064e-82,1
r_0442,3.118253163718024e-208,1
r_0443,1000,0
r_0445,0.0,1
r_0446,4.406441575808158e-261,1
r_0447,0.0,1
r_0448,9.445191380827563e-111,1
r_0449,2.316012227476179e-07,1
r_0450,4.785554525355535e-274,1
r_0451,0.0,1
r_0452,0.0,1
r_0453,0.0,1
r_0454,0.0,1
r_0455,2.977756357157729e-254,1
r_0457,1000,0
r_0458,0.0,1
r_0459,0.0,1
r_0460,3.880301633596192e-83,1
r_0461,1.943201253605107e-291,1
r_0462,3.3714832745123106e-163,1
r_0463,4.445959962233409e-41,1
r_0464,1.622674587762678e-16,1
r_0465,5.126170557595249e-49,1
r_0466,0.0,1
r_0467,0.0,1
r_0468,4.489118110301216e-156,1
r_0469,0.0,1
r_0470,1.9134883213952362e-131,1
r_0471,0.0,1
r_0472,0.0,1
r_0473,4.489118110301216e-156,1
r_0475,0.0010498647188580984,1
r_0476,0.0,1
r_0477,1.2367346132253242e-94,1
r_0478,0.0,1
r_0479,0.0,1
r_0480,1000,0
r_0481,2.3133723250372787e-34,1
r_0482,1.8874814473112255e-21,1
r_0483,2.0987852917658206e-72,1
r_0484,1.8874814473112255e-21,1
r_0485,3.880301633596192e-83,1
r_0486,0.0,1
r_0487,3.464121080306725e-60,1
r_0488,1.2434491380276547e-30,1
r_0489,1.4043177731287485e-45,1
r_0490,0.0,1
r_0491,6.681338672034363e-58,1
r_0492,0.0,1
r_0497,0.0,1
r_0499,0.0,1
r_0500,2.9192402824305314e-80,1
r_0501,2.0879655375859137e-238,1
r_0502,0.0,1
r_0503,0.0,1
r_0504,0.0,1
r_0505,0.0,1
r_0506,0.0,1
r_0507,0.0,1
r_0508,0.0,1
r_0509,0.0,1
r_0510,1.5823742161574462e-113,1
r_0511,7.982872649927634e-60,1
r_0512,0.0,1
r_0514,7.615334171806682e-297,1
r_0518,1000,0
r_0519,1000,0
r_0520,1000,0
r_0521,1000,0
r_0522,1000,0
r_0523,1000,0
r_0524,0.0,1
r_0525,0.0,1
r_0526,6.890463828047933e-56,1
r_0527,8.650036374375824e-08,1
r_0528,0.0,1
r_0529,0.0,1
r_0530,0.0,1
r_0531,0.0,1
r_0532,1.943201253605107e-291,1
r_0533,1000,0
r_0534,0.0,1
r_0535,0.0,1
r_0536,2.699476299411546e-113,1
r_0537,2.699476299411546e-113,1
r_0538,2.699476299411546e-113,1
r_0539,0.0,1
r_0540,1000,0
r_0541,1000,0
r_0542,4.6148738250850197e-293,1
r_0543,1000,0
r_0544,2.624397136934878e-57,1
r_0545,4.6148738250850197e-293,1
r_0546,0.0,1
r_0547,1.862321636232006e-148,1
r_0548,1.1074536674151895e-126,1
r_0549,5.899665284714024e-249,1
r_0550,8.127744962620257e-69,1
r_0551,2.563227786035536e-98,1
r_0552,0.0,1
r_0553,0.0,1
r_0554,1000,0
r_0555,1.943201253605107e-291,1
r_0556,6.5246349332533145e-47,1
r_0557,0.0,1
r_0558,0.0,1
r_0559,2.2865598452806866e-233,1
r_0560,0.0,1
r_0561,6.5246349332533145e-47,1
r_0562,9.510876658861622e-38,1
r_0563,2.699476299411546e-113,1
r_0564,2.699476299411546e-113,1
r_0565,0.0,1
r_0566,4.345495980451331e-77,1
r_0567,5.179159001579662e-263,1
r_0568,0.0,1
r_0569,0.0,1
r_0570,0.0,1
r_0571,1.0355806348039103e-26,1
r_0572,1000,0
r_0573,1000,0
r_0574,1000,0
r_0575,1000,0
r_0596,0.0,1
r_0597,0.0,1
r_0598,0.0,1
r_0599,0.0,1
r_0600,7.71259647444618e-264,1
r_0601,0.0,1
r_0602,0.0,1
r_0603,3.099599206748824e-286,1
r_0604,7.351942090524964e-181,1
r_0605,7.626263338059978e-299,1
r_0606,0.0,1
r_0607,0.0,1
r_0608,0.0,1
r_0609,0.0,1
r_0610,0.0,1
r_0611,0.0,1
r_0612,0.0,1
r_0613,0.0,1
r_0614,0.0,1
r_0615,7.431848697639528e-181,1
r_0616,1000,0
r_0617,1000,0
r_0618,1000,0
r_0619,1000,0
r_0620,1000,0
r_0621,1000,0
r_0622,1000,0
r_0623,1000,0
r_0624,1000,0
r_0625,1000,0
r_0626,1000,0
r_0627,1000,0
r_0628,1000,0
r_0629,1000,0
r_0630,1000,0
r_0631,1000,0
r_0632,1000,0
r_0633,1000,0
r_0634,1000,0
r_0635,1000,0
r_0636,1000,0
r_0637,1000,0
r_0638,1000,0
r_0639,1000,0
r_0640,1000,0
r_0641,1000,0
r_0642,1000,0
r_0643,1000,0
r_0644,1000,0
r_0645,1000,0
r_0646,5.303154126180735e-177,1
r_0647,0.0,1
r_0648,0.0,1
r_0649,0.0,1
r_0650,0.0,1
r_0651,0.0,1
r_0652,0.0,1
r_0653,0.0,1
r_0654,0.0,1
r_0655,0.0,1
r_0656,1.7564846535883416e-21,1
r_0657,8.511083104099767e-103,1
r_0658,0.0,1
r_0659,0.0,1
r_0661,2.0586545168918645e-176,1
r_0662,0.0,1
r_0663,0.0,1
r_0664,6.331924211258532e-209,1
r_0665,0.0,1
r_0666,1000,0
r_0667,3.3714832745123106e-163,1
r_0668,1000,0
r_0669,2.5889067362303044e-134,1
r_0670,1.0037331201926885e-101,1
r_0671,0.0,1
r_0672,0.0,1
r_0673,0.0,1
r_0674,4.9715933259952305e-34,1
r_0675,8.328842779302207e-221,1
r_0676,8.328842779302207e-221,1
r_0678,5.9405510682332185e-118,1
r_0679,7.874960751778458e-99,1
r_0680,1.342901025753654e-129,1
r_0681,2.0044445610706145e-264,1
r_0682,0.0,1
r_0683,0.0,1
r_0687,1.794596860331674e-67,1
r_0688,1.7927007185727903e-64,1
r_0689,3.6799239344653316e-159,1
r_0690,1000,0
r_0691,1000,0
r_0692,7.817509691752064e-142,1
r_0693,5.630140468058548e-44,1
r_0694,5.86748928253418e-110,1
r_0695,1.1653993722372843e-71,1
r_0696,1.7927007185727903e-64,1
r_0697,0.0,1
r_0698,3.3730135171301677e-163,1
r_0699,0.0,1
r_0700,1000,0
r_0701,0.0,1
r_0702,1000,0
r_0703,1000,0
r_0704,1000,0
r_0705,1000,0
r_0706,1000,0
r_0707,1000,0
r_0708,1000,0
r_0711,0.0,1
r_0712,1000,0
r_0713,0.0,1
r_0714,0.0,1
r_0715,0.0,1
r_0716,0.0,1
r_0717,0.0,1
r_0718,0.0,1
r_0719,1.2123381414652969e-269,1
r_0721,1000,0
r_0722,0.0,1
r_0723,0.0,1
r_0724,0.0,1
r_0725,5.97891337866763e-287,1
r_0726,1.5479385954066972e-239,1
r_0727,6.818796510980217e-270,1
r_0728,1000,0
r_0729,0.0,1
r_0730,1000,0
r_0731,1.6734967517217667e-68,1
r_0732,1.7840872223094717e-262,1
r_0733,0.0,1
r_0734,1.067830498088082e-258,1
r_0735,4.089906131758025e-107,1
r_0736,9.936141220508428e-120,1
r_0737,0.0,1
r_0738,2.4207759364812375e-143,1
r_0739,3.3714832745123106e-163,1
r_0747,8.935473709141285e-158,1
r_0748,0.0,1
r_0749,5.933140251697056e-60,1
r_0750,0.0,1
r_0751,0.0,1
r_0752,0.0,1
r_0753,6.832614863436733e-66,1
r_0754,0.0,1
r_0755,0.0,1
r_0756,0.0,1
r_0757,0.0,1
r_0758,0.0,1
r_0759,0.0,1
r_0760,1000,0
r_0761,0.0,1
r_0762,5.86748928253418e-110,1
r_0763,1.1653993722372843e-71,1
r_0764,3.3091092050579823e-147,1
r_0765,0.0,1
r_0766,0.0,1
r_0767,1000,0
r_0768,0.0,1
r_0769,2.0943644090230483e-248,1
r_0770,0.0,1
r_0771,0.0,1
r_0772,0.0,1
r_0773,0.0,1
r_0774,1.9948432395226693e-24,1
r_0775,0.0,1
r_0781,0.0,1
r_0782,1000,0
r_0783,7.855385190839015e-52,1
r_0784,2.0943644090230483e-248,1
r_0785,0.0,1
r_0786,0.0,1
r_0787,0.0,1
r_0788,2.485453555299144e-57,1
r_0789,4.9466482633112483e-107,1
r_0790,1.789705165490773e-104,1
r_0791,1.286696132651204e-63,1
r_0792,5.773977853595872e-42,1
r_0793,1.5636881111947815e-108,1
r_0795,0.0,1
r_0796,0.0,1
r_0797,4.1368847831091217e-42,1
r_0798,0.0,1
r_0799,0.1891257192654094,0
r_0800,0.0,1
r_0801,0.0,1
r_0802,1000,0
r_0803,8.400991864576228e-70,1
r_0804,1.9130468812328174e-87,1
r_0805,7.11882929312371e-105,1
r_0806,1.1119731994120197e-39,1
r_0807,3.137243153375892e-103,1
r_0810,3.1852426034589847e-58,1
r_0811,0.0,1
r_0812,1000,0
r_0813,2.0691346420325199e-128,1
r_0815,1.0198145863111457e-76,1
r_0816,0.0,1
r_0817,0.0,1
r_0818,0.0,1
r_0819,8.250046903875106e-09,1
r_0820,0.0,1
r_0821,0.0,1
r_0831,0.0,1
r_0832,0.0,1
r_0841,5.488306061124045e-177,1
r_0842,0.0,1
r_0843,8.809921523752476e-58,1
r_0844,6.217128149994465e-05,1
r_0845,8.828805727802168e-116,1
r_0847,7.066046345040964e-48,1
r_0848,1.549237154031456e-118,1
r_0849,4.286586714524163e-77,1
r_0850,5.8582199464434695e-68,1
r_0851,0.0,1
r_0852,0.0,1
r_0853,1000,0
r_0854,0.0,1
r_0855,0.0,1
r_0882,1000,0
r_0883,0.0,1
r_0884,4.570008985871092e-81,1
r_0885,3.1131220305495305e-230,1
r_0886,6.199729313062114e-284,1
r_0887,0.0,1
r_0888,5.038021525466727e-200,1
r_0889,0.0,1
r_0890,1000,0
r_0891,0.0,1
r_0892,0.0,1
r_0893,0.0,1
r_0902,0.0,1
r_0903,6.5246349332533145e-47,1
r_0904,3.3714832745123106e-163,1
r_0905,0.0,1
r_0906,0.0,1
r_0907,1.6803623422129515e-51,1
r_0908,0.0,1
r_0909,2.699476299411546e-113,1
r_0910,2.699476299411546e-113,1
r_0911,0.0,1
r_0912,0.0,1
r_0913,4.345495980451331e-77,1
r_0914,0.0,1
r_0915,0.0,1
r_0916,1.1611546168885607e-257,1
r_0917,0.0,1
r_0918,0.0,1
r_0919,0.0,1
r_0920,0.0,1
r_0921,1000,0
r_0922,7.518387197723179e-203,1
r_0929,1000,0
r_0935,0.0,1
r_0936,1000,0
r_0937,1.8442312340371972e-246,1
r_0938,0.0,1
r_0939,3.275367040377853e-306,1
r_0940,6.0731421198494345e-199,1
r_0941,0.0,1
r_0942,0.0,1
r_0943,0.0,1
r_0949,1.7363841942246073e-67,1
r_0950,1000,0
r_0951,4.2071124040283235e-43,1
r_0953,0.0,1
r_0954,0.0,1
r_0955,1000,0
r_0956,8.918046981505287e-108,1
r_0957,2.795868560694047e-165,1
r_0958,0.0,1
r_0959,0.0,1
r_0960,0.0,1
r_0961,0.0,1
r_0962,0.0,1
r_0963,1.943201253605107e-291,1
r_0964,3.4933587109680815e-67,1
r_0965,1.1688609467167629e-54,1
r_0966,2.9776229167488358e-254,1
r_0967,0.0,1
r_0968,0.0,1
r_0969,5.193118044206108e-37,1
r_0970,0.0,1
r_0971,0.0,1
r_0972,7.780989118955022e-162,1
r_0973,1.5496932577058935e-235,1
r_0974,0.0,1
r_0975,4.576091269627035e-258,1
r_0976,4.441880288151622e-151,1
r_0977,4.4686778971241466e-197,1
r_0978,0.0,1
r_0979,0.0,1
r_0982,0.0,1
r_0983,0.0,1
r_0984,0.0,1
r_0985,1.943201253605107e-291,1
r_0986,0.0,1
r_0987,1000,0
r_0988,3.2458365814978516e-87,1
r_0989,5.9405510682332185e-118,1
r_0990,0.0,1
r_0992,1.5558287222928107e-85,1
r_0993,3.0128413170144125e-39,1
r_0995,0.0,1
r_0996,0.0,1
r_0997,0.0,1
r_0998,1000,0
r_0999,1000,0
r_1000,2.5747217618336813e-77,1
r_1001,0.0,1
r_1002,1.7075852691898987e-219,1
r_1003,1000,0
r_1004,1.1135590641195054e-35,1
r_1005,4.808063528019499e-31,1
r_1006,1.1135590641195054e-35,1
r_1007,4.808063528019499e-31,1
r_1008,1000,0
r_1009,1000,0
r_1010,1000,0
r_1011,3.3730135171301677e-163,1
r_1012,3.3730135171301677e-163,1
r_1021,0.0,1
r_1022,0.0,1
r_1023,0.0,1
r_1024,1000,0
r_1025,6.689057938977989e-80,1
r_1026,0.0,1
r_1027,0.0,1
r_1028,1000,0
r_1029,1000,0
r_1030,1.5954348451499537e-44,1
r_1031,1000,0
r_1032,8.079971802626045e-206,1
r_1033,0.0,1
r_1034,0.0,1
r_1035,1000,0
r_1036,6.5246349332533145e-47,1
r_1037,0.0,1
r_1038,0.0,1
r_1039,2.563227786035536e-98,1
r_1040,1.2669152295990114e-108,1
r_1041,1.1074536674151895e-126,1
r_1042,0.0,1
r_1043,1000,0
r_1045,3.940634107229327e-57,1
r_1046,1000,0
r_1047,1.943201253605107e-291,1
r_1048,0.0,1
r_1049,0.0,1
r_1050,0.0,1
r_1051,2.9072419264174383e-71,1
r_1054,0.0,1
r_1055,4.345495980451331e-77,1
r_1056,4.815909762868713e-71,1
r_1057,0.0,1
r_1058,1000,0
r_1063,4.1438030953253813e-281,1
r_1065,0.0,1
r_1066,0.0,1
r_1067,1000,0
r_1068,1000,0
r_1069,1000,0
r_1070,0.0,1
r_1071,0.0,1
r_1072,5.240302360565852e-266,1
r_1073,2.291185356376246e-19,1
r_1074,3.9428616769124367e-119,1
r_1075,1.8441139269195565e-37,1
r_1076,0.0,1
r_1077,5.869310869011507e-18,1
r_1078,7.654224464977805e-89,1
r_1079,1.392882890916881e-68,1
r_1080,1.285628249485949e-62,1
r_1081,0.0,1
r_1082,1000,0
r_1083,0.0,1
r_1084,0.0,1
r_1085,2.0960876711480255e-105,1
r_1086,2.4380315212299877e-49,1
r_1087,0.0,1
r_1088,0.0,1
r_1089,0.0,1
r_1090,1000,0
r_1091,9.753793791849484e-92,1
r_1092,0.0,1
r_1093,1000,0
r_1094,0.0,1
r_1095,1000,0
r_1096,0.0,1
r_1097,0.0,1
r_1098,0.0,1
r_1099,4.6148738250850197e-293,1
r_1100,1.943201253605107e-291,1
r_1101,0.0,1
r_1102,0.0,1
r_1103,0.0,1
r_1104,1000,0
r_1106,0.0,1
r_1107,0.0,1
r_1108,7.180998871862658e-291,1
r_1109,3.716618901477681e-307,1
r_1110,0.0,1
r_1111,1000,0
r_1112,0.0,1
r_1113,2.810893557663416e-272,1
r_1114,0.0,1
r_1115,0.0,1
r_1116,4.026593932661217e-114,1
r_1118,0.0,1
r_1119,1000,0
r_1120,4.306106499302534e-22,1
r_1121,0.0,1
r_1122,0.0,1
r_1123,0.0,1
r_1124,0.0,1
r_1125,0.0,1
r_1126,0.0,1
r_1127,0.0,1
r_1128,3.787237997678725e-291,1
r_1129,2.822894087112923e-232,1
r_1130,0.0,1
r_1131,0.0,1
r_1132,0.0,1
r_1133,0.0,1
r_1134,1000,0
r_1135,0.0,1
r_1136,2.047660907522356e-66,1
r_1137,0.0,1
r_1138,0.0,1
r_1139,0.0,1
r_1146,6.67063711094039e-30,1
r_1147,0.0,1
r_1148,1000,0
r_1149,0.0,1
r_1151,2.977756357157729e-254,1
r_1161,0.0,1
r_1162,1000,0
r_1164,1000,0
r_1165,3.1852426034589847e-58,1
r_1166,0.0,1
r_1167,0.0,1
r_1168,3.4933587109680815e-67,1
r_1169,0.0,1
r_1170,1.752791520631837e-158,1
r_1171,1.2334272061593896e-253,1
r_1172,0.0,1
r_1173,7.335463659204943e-227,1
r_1174,1.622674587762678e-16,1
r_1175,9.007359530532438e-11,1
r_1176,0.0,1
r_1177,0.0,1
r_1178,0.0,1
r_1179,0.0,1
r_1180,4.7073463998816444e-54,1
r_1181,7.530673053613042e-66,1
r_1182,1.943201253605107e-291,1
r_1183,0.0,1
r_1184,1.9999122741476733e-57,1
r_1185,3.9801682088377127e-82,1
r_1186,7.27571396955708e-202,1
r_1187,7.987903448902316e-273,1
r_1188,7.987903448902316e-273,1
r_1189,0.0,1
r_1190,1.2994931048365282e-116,1
r_1191,1000,0
r_1192,1.2716360641329108e-270,1
r_1193,1000,0
r_1194,0.0,1
r_1195,0.0,1
r_1196,4.8109130161940115e-141,1
r_1197,0.0,1
r_1198,0.0,1
r_1199,0.0,1
r_1200,5.708687311030121e-11,1
r_1201,1.0741476600505887e-130,1
r_1202,0.0,1
r_1203,1.2437830339391861e-154,1
r_1204,0.0,1
r_1205,0.0,1
r_1206,1000,0
r_1207,1000,0
r_1208,1.0435484708427695e-281,1
r_1209,7.476341443841702e-215,1
r_1210,2.918429209689376e-274,1
r_1211,2.045770508420584e-102,1
r_1212,0.0,1
r_1213,7.182589676435518e-33,1
r_1214,5.112317247898703e-41,1
r_1215,0.0,1
r_1216,1.1373834351955756e-288,1
r_1217,2.437193716144213e-183,1
r_1218,2.1934350088438507e-97,1
r_1219,1.6879957790583272e-133,1
r_1220,0.0,1
r_1221,0.0,1
r_1222,0.0,1
r_1223,3.359667960949611e-181,1
r_1224,9.43978529074115e-81,1
r_1225,3.7177131691159555e-295,1
r_1226,3.1476071300908386e-195,1
r_1227,1000,0
r_1228,1.1653993722372843e-71,1
r_1229,0.0,1
r_1230,1000,0
r_1231,0.0,1
r_1232,1000,0
r_1235,0.0,1
r_1236,1.522205657185544e-19,1
r_1237,0.0,1
r_1238,1.6604681987178081e-267,1
r_1239,2.3840688627215925e-244,1
r_1241,5.4183426495252234e-58,1
r_1242,1.943201253605107e-291,1
r_1243,0.0,1
r_1244,0.0,1
r_1245,0.0,1
r_1249,0.0,1
r_1250,1000,0
r_1251,0.0,1
r_1252,1000,0
r_1253,0.0,1
r_1254,0.0,1
r_1255,0.0,1
r_1256,0.0,1
r_1257,1000,0
r_1258,2.142207748364804e-80,1
r_1259,1000,0
r_1260,8.147843722203484e-275,1
r_1261,1000,0
r_1262,0.0,1
r_1263,1000,0
r_1264,1.308546336675499e-135,1
r_1265,1.47906511797818e-181,1
r_1266,0.0,1
r_1267,7.531299102874231e-152,1
r_1268,1.2626566484841696e-145,1
r_1269,1000,0
r_1270,0.0,1
r_1271,1000,0
r_1272,0.0,1
r_1273,0.0,1
r_1274,0.0,1
r_1275,0.0,1
r_1276,0.0,1
r_1277,0.0,1
r_1278,3.124377826420259e-42,1
r_1449,5.84554511067775e-310,1
r_1450,0.0,1
r_1451,0.0,1
r_1452,0.0,1
r_1453,3.6144598595595486e-228,1
r_1454,0.0,1
r_1455,0.0,1
r_1456,1.0684876137925894e-198,1
r_1457,2.873917329999562e-293,1
r_1458,7.688837308420638e-198,1
r_1479,0.0,1
r_1480,8.121840949627984e-199,1
r_1481,0.0,1
r_1482,0.0,1
r_1483,0.0,1
r_1484,1.0819755481978628e-240,1
r_1485,0.0,1
r_1486,6.356537496795564e-292,1
r_1487,0.0,1
r_1488,0.0,1
r_1509,0.0,1
r_1510,3.1927714470469946e-242,1
r_1511,0.0,1
r_1512,0.0,1
r_1513,0.0,1
r_1514,4.7319645338410834e-247,1
r_1515,0.0,1
r_1516,0.0,1
r_1517,0.0,1
r_1518,0.0,1
r_1542,1000,0
r_1543,1000,0
r_1545,1000,0
r_1546,2.047660907522356e-66,1
r_1547,0.0,1
r_1548,5.418342649515372e-58,1
r_1549,0.0,1
r_1550,0.0,1
r_1551,1000,0
r_1552,5.308220048460657e-135,1
r_1553,0.0,1
r_1554,1000,0
r_1560,1.0355806348039103e-26,1
r_1562,0.0,1
r_1563,1.0170390617151379e-71,1
r_1564,0.0,1
r_1565,1.7149509826194494e-211,1
r_1566,8.819040354286482e-129,1
r_1567,0.0,1
r_1568,8.809921523752476e-58,1
r_1572,0.0,1
r_1573,0.0,1
r_1574,0.0,1
r_1575,0.0,1
r_1576,0.0,1
r_1577,0.0,1
r_1578,0.0,1
r_1579,0.0,1
r_1580,0.0,1
r_1581,0.0,1
r_1582,2.2232394634491123e-133,1
r_1583,0.0,1
r_1585,2.896493074413192e-194,1
r_1586,0.0,1
r_1587,1000,0
r_1588,0.0,1
r_1589,0.0,1
r_1590,0.0,1
r_1591,0.0,1
r_1595,1000,0
r_1596,2.6442893306150627e-248,1
r_1597,0.0,1
r_1598,3.494955593202616e-10,1
r_1599,3.494955593202616e-10,1
r_1600,5.0142170775972205e-92,1
r_1601,1.943201253605107e-291,1
r_1603,7.395897827011765e-256,1
r_1604,0.0,1
r_1605,0.0,1
r_1606,0.0,1
r_1607,9.637396111968045e-52,1
r_1608,9.637396111985449e-52,1
r_1609,0.0,1
r_1610,0.0,1
r_1611,1.943201253605107e-291,1
r_1613,4.891379965343603e-80,1
r_1614,9.235063822797544e-148,1
r_1615,4.503397265051929e-43,1
r_1616,0.0,1
r_1617,4.432678463401115e-08,1
r_1618,3.362584712465316e-21,1
r_1619,4.130654993608184e-154,1
r_1620,0.0,1
r_1621,0.0,1
r_1622,0.0,1
r_1623,1.5954348451499537e-44,1
r_1624,1.3415703640477793e-155,1
r_1625,0.0,1
r_1627,1000,0
r_1628,1000,0
r_1629,1000,0
r_1630,2.8804766925767626e-126,1
r_1631,0.0,1
r_1632,0.0,1
r_1633,0.0,1
r_1634,0.0,1
r_1635,1000,0
r_1637,1000,0
r_1638,1.1050466209993083e-16,1
r_1639,7.180998871862658e-291,1
r_1640,1000,0
r_1641,4.815044722025016e-70,1
r_1642,1.3672382202289756e-105,1
r_1643,3.716618901477681e-307,1
r_1644,0.0,1
r_1645,6.774990159323865e-67,1
r_1647,0.0,1
r_1648,2.810893557663416e-272,1
r_1649,0.0,1
r_1650,4.754866648940515e-292,1
r_1651,1.5232237709684036e-161,1
r_1652,0.0,1
r_1654,0.0,1
r_1656,1.1708300594811994e-249,1
r_1657,1000,0
r_1658,1000,0
r_1659,0.0,1
r_1660,0.0,1
r_1661,6.774990159323865e-67,1
r_1663,1000,0
r_1664,1000,0
r_1665,1.8225656691680335e-253,1
r_1667,5.344590727683314e-254,1
r_1668,1000,0
r_1669,1.8225656691680335e-253,1
r_1671,1000,0
r_1672,0.0,1
r_1673,1.1050466209993083e-16,1
r_1674,1.0387001342013454e-24,1
r_1675,4.4686778971241466e-197,1
r_1676,5.303154126180735e-177,1
r_1677,0.0,1
r_1678,0.0,1
r_1679,0.0,1
r_1680,0.0,1
r_1681,0.0,1
r_1682,0.0,1
r_1683,2.2239229082014103e-208,1
r_1684,0.0,1
r_1685,1.943201253605107e-291,1
r_1686,4.4018783650475855e-60,1
r_1687,4.4018783650475855e-60,1
r_1688,2.0586545168918645e-176,1
r_1689,0.0,1
r_1690,0.0,1
r_1691,3.0128413170171394e-39,1
r_1694,1.8225656691680335e-253,1
r_1695,2.0586545168918645e-176,1
r_1696,0.0,1
r_1697,0.0,1
r_1698,5.020110418126738e-78,1
r_1699,1000,0
r_1700,8.840474395524348e-266,1
r_1702,0.0,1
r_1703,0.0,1
r_1704,9.792087126930283e-52,1
r_1705,0.0,1
r_1706,0.0,1
r_1707,0.0,1
r_1708,0.0,1
r_1709,1000,0
r_1710,0.0,1
r_1711,1000,0
r_1712,1000,0
r_1713,1.5232237709684036e-161,1
r_1714,0.0,1
r_1715,0.0,1
r_1716,0.0,1
r_1717,1000,0
r_1718,1000,0
r_1719,1000,0
r_1720,5.122726829864286e-258,1
r_1721,4.4686778971241466e-197,1
r_1722,5.51199154796184e-63,1
r_1723,1000,0
r_1724,6.478448365865851e-93,1
r_1725,1000,0
r_1726,2.0943644090230483e-248,1
r_1727,3.9925497232270066e-141,1
r_1728,1.0170390617151379e-71,1
r_1729,1.2010225527554211e-51,1
r_1730,0.0,1
r_1731,0.0,1
r_1732,0.0,1
r_1733,1.7149509826194494e-211,1
r_1734,8.045504698482881e-57,1
r_1735,8.819040354286482e-129,1
r_1736,5.488306061124045e-177,1
r_1737,0.0,1
r_1738,0.0,1
r_1739,1000,0
r_1743,8.194021234711104e-272,1
r_1744,0.0,1
r_1745,0.0,1
r_1746,1.1831836412241756e-51,1
r_1747,4.026593932664892e-114,1
r_1748,0.0,1
r_1749,1.8994695290801926e-78,1
r_1750,1.89946952908193e-78,1
r_1751,1.285628249485949e-62,1
r_1752,1.285628249485949e-62,1
r_1753,6.670637110928317e-30,1
r_1754,0.0,1
r_1757,0.0,1
r_1758,0.0,1
r_1759,3.4854378414492084e-74,1
r_1761,0.0,1
r_1762,0.0,1
r_1763,0.0,1
r_1764,0.0,1
r_1765,0.0,1
r_1766,0.0,1
r_1770,3.9925497232270066e-141,1
r_1771,3.624825653563432e-178,1
r_1772,4.052773348973502e-71,1
r_1774,1.7082375689219468e-52,1
r_1775,1.2654174279065877e-18,1
r_1776,9.116515144888094e-242,1
r_1777,1.7253369943820048e-152,1
r_1788,0.0,1
r_1790,2.977756357157729e-254,1
r_1791,0.0,1
r_1792,1000,0
r_1793,0.0,1
r_1794,0.0,1
r_1795,0.0,1
r_1796,1.1878104159711896e-127,1
r_1797,5.314375439481868e-100,1
r_1798,1.1878104159711896e-127,1
r_1800,0.0,1
r_1801,3.1852426034561137e-58,1
r_1802,0.0,1
r_1803,3.1852426034561137e-58,1
r_1805,4.054108378925845e-13,1
r_1806,0.0,1
r_1807,0.0,1
r_1808,0.0,1
r_1809,1.1831836412241756e-51,1
r_1810,7.335463659204943e-227,1
r_1811,5.588403654840941e-264,1
r_1812,0.0,1
r_1813,0.0,1
r_1814,0.0,1
r_1815,0.0,1
r_1816,0.0,1
r_1817,0.0,1
r_1818,0.0,1
r_1819,1000,0
r_1820,0.0,1
r_1821,4.324750305212213e-115,1
r_1822,1000,0
r_1823,0.0,1
r_1824,2.4391684814517755e-241,1
r_1825,0.0,1
r_1826,9.644266701742016e-171,1
r_1827,0.0,1
r_1829,1.0083110475905548e-253,1
r_1830,0.0,1
r_1831,0.0,1
r_1832,0.0,1
r_1833,2.421100123747495e-37,1
r_1834,1000,0
r_1835,6.6756499508017e-12,1
r_1836,2.720804727561809e-22,1
r_1837,1000,0
r_1838,4.6148738250850197e-293,1
r_1839,0.0,1
r_1840,0.0,1
r_1841,2.680691102941622e-151,1
r_1842,2.680691102943915e-151,1
r_1843,3.3858782515177e-311,1
r_1844,2.108264014255021e-105,1
r_1845,3.3858782515177e-311,1
r_1846,2.8763835724043656e-197,1
r_1847,0.0,1
r_1848,0.0,1
r_1849,1.0355806348039103e-26,1
r_1850,3.827308055784724e-119,1
r_1851,5.303154126180735e-177,1
r_1852,0.0,1
r_1853,0.0,1
r_1854,0.0,1
r_1855,0.0,1
r_1856,0.0,1
r_1857,0.0,1
r_1858,0.0,1
r_1859,0.0,1
r_1860,0.0,1
r_1861,0.0,1
r_1862,4.7073463998816444e-54,1
r_1863,1.3210396646474299e-25,1
r_1864,5.0142170775972205e-92,1
r_1865,1.3210396646474299e-25,1
r_1866,0.0,1
r_1867,7.530673053613042e-66,1
r_1868,0.0,1
r_1869,0.0,1
r_1870,2.2232394634491123e-133,1
r_1871,0.0,1
r_1872,2.7267605042587692e-83,1
r_1873,0.0,1
r_1874,4.9715933259952305e-34,1
r_1875,1000,0
r_1876,1000,0
r_1877,1000,0
r_1878,1000,0
r_1879,1.9999122741476733e-57,1
r_1880,1.1285750901313396e-302,1
r_1881,3.6574547360918925e-98,1
r_1882,2.082513170641671e-38,1
r_1883,1.2716360641329108e-270,1
r_1884,0.0,1
r_1885,0.0,1
r_1886,1000,0
r_1887,2.795868560694047e-165,1
r_1889,4.8109130161940115e-141,1
r_1890,2.0943644090230483e-248,1
r_1891,0.0,1
r_1892,2.0943644090230483e-248,1
r_1893,1.0741476600505887e-130,1
r_1895,8.127329457088213e-47,1
r_1896,8.127329457095558e-47,1
r_1897,0.0,1
r_1898,6.331924211258532e-209,1
r_1899,2.045770508420584e-102,1
r_1900,7.18258967644203e-33,1
r_1901,0.0,1
r_1902,5.112317247898703e-41,1
r_1903,0.0,1
r_1904,1.1373834351955756e-288,1
r_1905,6.0731421198494345e-199,1
r_1906,2.437193716144213e-183,1
r_1907,3.0128413170144125e-39,1
r_1908,1000,0
r_1909,1000,0
r_1910,1000,0
r_1911,2.1934350088438507e-97,1
r_1912,1.6879957790598673e-133,1
r_1913,3.359667960949611e-181,1
r_1914,9.43978529074115e-81,1
r_1915,3.7177131691159555e-295,1
r_1916,2.467187787691245e-102,1
r_1919,1000,0
r_1920,0.0,1
r_1921,0.0,1
r_1922,0.0,1
r_1923,0.0,1
r_1924,0.0,1
r_1925,0.0,1
r_1926,0.0,1
r_1927,0.0,1
r_1928,0.0,1
r_1929,7.431848697639528e-181,1
r_1930,0.0,1
r_1931,1000,0
r_1932,0.0,1
r_1935,1000,0
r_1936,0.0,1
r_1937,0.0,1
r_1938,7.71259647444618e-264,1
r_1939,0.0,1
r_1940,0.0,1
r_1941,7.351942090524964e-181,1
r_1942,0.0,1
r_1943,0.0,1
r_1944,0.0,1
r_1945,3.099599206748824e-286,1
r_1946,7.626263338059978e-299,1
r_1947,0.0,1
r_1952,1.1653993722372843e-71,1
r_1963,4.360900150323734e-270,1
r_1964,4.360900150323734e-270,1
r_1965,0.0,1
r_1966,1000,0
r_1967,0.0,1
r_1968,5.09914387473298e-272,1
r_1970,2.0943644090230483e-248,1
r_1971,3.3091092050579823e-147,1
r_1972,5.09914387473298e-272,1
r_1974,0.0001447157653329212,1
r_1975,4.9508902566693724e-133,1
r_1976,2.082513170641671e-38,1
r_1977,3.3730135171301677e-163,1
r_1978,0.0,1
r_1979,0.0,1
r_1980,0.0,1
r_1981,1.5102337139509163e-100,1
r_1984,9.116515144888094e-242,1
r_1987,1.6604681987178081e-267,1
r_1988,0.0,1
r_1989,0.0,1
r_1990,0.0,1
r_1991,0.0,1
r_1992,0.0,1
r_1993,6.675649950795713e-12,1
r_1994,2.720804727561809e-22,1
r_1995,3.0128413170144125e-39,1
r_1996,6.075644622954877e-177,1
r_1997,1.3460445190365394e-32,1
r_1998,4.81504472201634e-70,1
r_1999,1000,0
r_2000,0.0,1
r_2001,0.0,1
r_2002,0.0,1
r_2003,0.0,1
r_2004,1000,0
r_2005,0.0,1
r_2008,1000,0
r_2020,0.0,1
r_2022,0.0,1
r_2023,1000,0
r_2024,0.0,1
r_2025,0.0,1
r_2026,9.224576391315236e-38,1
r_2027,9.224576391315236e-38,1
r_2028,0.0,1
r_2029,1000,0
r_2030,0.0,1
r_2031,8.520629248518406e-153,1
r_2032,0.0,1
r_2033,0.0,1
r_2034,0.0,1
r_2036,0.0,1
r_2037,0.0,1
r_2038,4.128985038327103e-212,1
r_2039,2.9776229167488358e-254,1
r_2040,9.438434960500852e-260,1
r_2041,0.0,1
r_2042,4.7580978767527284e-287,1
r_2043,0.0,1
r_2044,1000,0
r_2045,0.0,1
r_2046,1.752791520631837e-158,1
r_2049,0.0,1
r_2050,1000,0
r_2051,8.147843722203484e-275,1
r_2052,0.0,1
r_2053,3.3730135171301677e-163,1
r_2054,3.3730135171301677e-163,1
r_2055,1.5102337139509163e-100,1
r_2056,0.0,1
r_2057,0.0,1
r_2058,1000,0
r_2060,0.0,1
r_2061,7.531299102874231e-152,1
r_2062,1.2626566484841696e-145,1
r_2063,5.771958634219011e-84,1
r_2064,6.527614680916259e-47,1
r_2065,6.5246349332533145e-47,1
r_2066,8.07997180263341e-206,1
r_2067,0.0,1
r_2068,0.0,1
r_2069,0.0,1
r_2070,5.575050106746305e-44,1
r_2071,0.0,1
r_2072,5.630140468058548e-44,1
r_2073,3.1212091206825485e-259,1
r_2074,0.0007200328709105347,1
r_2075,3.1212091206825485e-259,1
r_2079,4.754866648940515e-292,1
r_2080,7.635328920564082e-23,1
r_2082,1000,0
r_2083,5.631586109388545e-33,1
r_2084,5.631586109388545e-33,1
r_2085,2.108264014255021e-105,1
r_2086,1000,0
r_2087,0.0,1
r_2089,2.291185356376246e-19,1
r_2090,0.0,1
r_2091,0.0,1
r_2092,0.0,1
r_2093,0.0,1
r_2094,0.0,1
r_2095,3.335076566294865e-129,1
r_2096,0.0,1
r_2097,1.8225656691680335e-253,1
r_2098,0.0,1
r_2099,3.3904273603651827e-200,1
r_2100,0.0,1
r_2101,2.8804766925793907e-126,1
r_2102,0.0,1
r_2103,0.0,1
r_2104,0.0,1
r_2105,0.0,1
r_2106,3.124377826420259e-42,1
r_2107,5.911367486931905e-99,1
r_2108,0.0,1
r_2111,0.0,1
r_2112,1000,0
r_2113,1000,0
r_2114,0.0,1
r_2115,0.0,1
r_2116,7.50743681090126e-33,1
r_2117,0.0,1
r_2118,0.0,1
r_2119,4.174117187454593e-281,1
r_2125,0.0,1
r_2126,1.519916156159893e-42,1
r_2129,1.0959047601988018e-59,1
r_2131,2.2891271103263776e-266,1
r_2132,0.0,1
r_2134,2.2845151978967845e-69,1
r_2136,2.2845151978967845e-69,1
r_2137,3.603948769458839e-211,1
r_2139,3.603948769458839e-211,1
r_2140,2.899450707094895e-206,1
r_2141,5.017614812764351e-216,1
r_2142,1000,0
r_2143,1000,0
r_2144,1000,0
r_2145,1000,0
r_2146,1000,0
r_2147,1000,0
r_2148,1000,0
r_2149,1000,0
r_2150,1000,0
r_2151,1000,0
r_2152,1000,0
r_2153,1000,0
r_2154,4.349222243947851e-115,1
r_2155,3.668575190336575e-184,1
r_2156,4.181669982889526e-186,1
r_2157,5.386098404152721e-244,1
r_2158,3.0849650082070317e-279,1
r_2159,2.659905553364422e-152,1
r_2160,2.8051127040920005e-25,1
r_2161,4.349222243947851e-115,1
r_2162,3.668575190336575e-184,1
r_2163,4.181669982889526e-186,1
r_2164,5.386098404152721e-244,1
r_2165,3.0849650082070317e-279,1
r_2166,2.659905553364422e-152,1
r_2167,2.8051127040920005e-25,1
r_2168,4.349222243947851e-115,1
r_2169,3.668575190336575e-184,1
r_2170,4.181669982889526e-186,1
r_2171,5.386098404152721e-244,1
r_2172,3.0849650082070317e-279,1
r_2173,2.659905553364422e-152,1
r_2174,2.8051127040920005e-25,1
r_2175,4.349222243947851e-115,1
r_2176,3.668575190336575e-184,1
r_2177,4.181669982889526e-186,1
r_2178,5.386098404152721e-244,1
r_2179,3.0849650082070317e-279,1
r_2180,2.659905553364422e-152,1
r_2181,2.8051127040920005e-25,1
r_2182,0.0,1
r_2183,2.3698170818986824e-80,1
r_2184,9.116515144888094e-242,1
r_2185,3.9925497232270066e-141,1
r_2186,2.467187787691245e-102,1
r_2187,2.6207515659945455e-262,1
r_2188,1.0130800121809802e-269,1
r_2189,2.4845943123705506e-76,1
r_2190,2.6207515659945455e-262,1
r_2191,1.0130800121809802e-269,1
r_2192,2.4845943123728244e-76,1
r_2193,1.7253369943820048e-152,1
r_2194,0.0,1
r_2195,0.0,1
r_2196,0.0,1
r_2197,0.0,1
r_2198,0.0,1
r_2199,0.0,1
r_2200,0.0,1
r_2201,0.0,1
r_2202,0.0,1
r_2203,0.0,1
r_2204,0.0,1
r_2205,0.0,1
r_2206,1.6549761660920961e-09,1
r_2207,6.501241021858927e-23,1
r_2208,2.4729263703804487e-23,1
r_2209,1000,0
r_2210,1000,0
r_2211,0.0,1
r_2212,0.0,1
r_2213,1000,0
r_2214,0.0,1
r_2215,0.0,1
r_2216,1000,0
r_2217,0.0,1
r_2218,0.0,1
r_2219,7.130185150345559e-115,1
r_2220,2.4357044475399877e-74,1
r_2221,5.162604849471074e-164,1
r_2222,2.09730145479269e-65,1
r_2223,2.8221263660707343e-49,1
r_2224,6.824248655180382e-120,1
r_2225,3.2364441916479197e-25,1
r_2226,0.0,1
r_2227,1.6259185655205235e-240,1
r_2228,2.8051127040920005e-25,1
r_2229,2.6207515659945455e-262,1
r_2230,1.0130800121809802e-269,1
r_2231,1.8374941923434263e-91,1
r_2232,2.6207515659945455e-262,1
r_2233,1.0130800121809802e-269,1
r_2234,5.298311541479776e-25,1
r_2235,8.733498000855795e-19,1
r_2236,4.52931565092758e-48,1
r_2237,2.761556981201337e-309,1
r_2238,0.0,1
r_2239,5.386098404152721e-244,1
r_2240,3.0849650082070317e-279,1
r_2241,2.659905553364422e-152,1
r_2242,0.0,1
r_2243,0.0,1
r_2244,0.0,1
r_2245,7.255767812934249e-90,1
r_2246,7.255767812934249e-90,1
r_2247,7.255767812934249e-90,1
r_2248,0.0,1
r_2249,0.0,1
r_2250,1.6447943635747166e-142,1
r_2251,2.3679894025522203e-190,1
r_2252,2.4544305347041758e-194,1
r_2253,2.8051127040920005e-25,1
r_2254,4.52931565092758e-48,1
r_2255,2.761556981201337e-309,1
r_2256,0.0,1
r_2257,5.386098404152721e-244,1
r_2258,3.0849650082070317e-279,1
r_2259,2.659905553364422e-152,1
r_2260,0.0,1
r_2261,0.0,1
r_2262,0.0,1
r_2263,7.255767812934249e-90,1
r_2264,7.255767812934249e-90,1
r_2265,0.0,1
r_2266,0.0,1
r_2267,0.0,1
r_2268,2.3679894025522203e-190,1
r_2269,2.4544305347041758e-194,1
r_2270,2.8051127040920005e-25,1
r_2271,4.52931565092758e-48,1
r_2272,2.761556981201337e-309,1
r_2273,0.0,1
r_2274,5.386098404152721e-244,1
r_2275,3.0849650082070317e-279,1
r_2276,2.659905553364422e-152,1
r_2277,0.0,1
r_2278,0.0,1
r_2279,0.0,1
r_2280,7.255767812934249e-90,1
r_2281,7.255767812934249e-90,1
r_2282,0.0,1
r_2283,4.52931565092758e-48,1
r_2284,2.761556981201337e-309,1
r_2285,0.0,1
r_2286,5.386098404152721e-244,1
r_2287,3.0849650082070317e-279,1
r_2288,2.659905553364422e-152,1
r_2289,0.0,1
r_2290,0.0,1
r_2291,0.0,1
r_2292,7.255767812934249e-90,1
r_2293,7.255767812934249e-90,1
r_2294,0.0,1
r_2295,0.0,1
r_2296,0.0,1
r_2297,0.0,1
r_2298,0.0,1
r_2299,3.961945825697898e-70,1
r_2300,3.961945825697898e-70,1
r_2301,0.0,1
r_2302,3.961945825697898e-70,1
r_2303,0.0,1
r_2304,3.961945825697898e-70,1
r_2305,5.251947798055811e-290,1
r_2308,1.8126533811364136e-128,1
r_2309,1.5583560069070867e-255,1
r_2310,2.7319187552995746e-79,1
r_2311,1.3303249301301484e-195,1
r_2312,1.6209984402889412e-14,1
r_2313,5.0646498802041845e-116,1
r_2314,0.0,1
r_2315,0.0,1
r_2316,2.3283708933867397e-45,1
r_2317,5.633632033175775e-77,1
r_2318,5.450278382384484e-65,1
r_2319,1.8670430227856594e-88,1
r_2320,4.4102972506326647e-48,1
r_2321,0.0,1
r_2322,1.8659165750824358e-265,1
r_2323,3.43798840998548e-119,1
r_2324,1.6209984402889412e-14,1
r_2325,5.0646498802041845e-116,1
r_2326,0.0,1
r_2327,0.0,1
r_2328,4.4102972506326647e-48,1
r_2329,0.0,1
r_2330,1.8659165750824358e-265,1
r_2331,3.43798840998548e-119,1
r_2332,2.1075308092629917e-162,1
r_2333,1.2177562660257001e-81,1
r_2334,0.0,1
r_2335,3.228635210243446e-216,1
r_2336,0.0,1
r_2337,1.1004256001819694e-201,1
r_2338,6.729418798643768e-265,1
r_2339,3.850438295931623e-218,1
r_2340,2.61233119205926e-115,1
r_2341,5.817016368290271e-219,1
r_2342,1.1122495110395447e-257,1
r_2343,1.0846655809199086e-156,1
r_2344,7.904385892017458e-34,1
r_2345,1.2704387944296576e-09,1
r_2346,3.360310710817079e-69,1
r_2347,4.117955182893241e-24,1
r_2348,1.215321424404168e-13,1
r_2349,2.317016461315328e-51,1
r_2350,1.2079903375510086e-26,1
r_2351,4.301053283753259e-83,1
r_2352,1000,0
r_2353,1000,0
r_2354,1000,0
r_2355,1000,0
r_2356,1000,0
r_2357,1000,0
r_2358,1000,0
r_2359,1000,0
r_2360,2.8401429121352306e-29,1
r_2361,2.4834020357260942e-89,1
r_2362,1.40787634280384e-53,1
r_2363,1.9102664936936573e-50,1
r_2364,1.3353107164076606e-110,1
r_2365,2.148283349618143e-70,1
r_2366,2.5235503329742788e-18,1
r_2367,3.649365464149789e-17,1
r_2368,9.073458919309181e-66,1
r_2369,8.396269970104903e-06,1
r_2370,8.026056737913156e-27,1
r_2371,4.020039847899809e-08,1
r_2372,3.285264979949659e-20,1
r_2373,2.8652529972065606e-121,1
r_2374,7.046940128646508e-16,1
r_2375,1.648141808522887e-42,1
r_2376,9.035401053436645e-75,1
r_2377,2.142633139167593e-55,1
r_2378,2.9281353816203684e-25,1
r_2379,1.7955561309954258e-234,1
r_2380,2.3598969741979794e-86,1
r_2381,5.403419063493642e-100,1
r_2382,0.001485438307903633,1
r_2383,1.4400108483600192e-57,1
r_2384,2.1501909919933142e-55,1
r_2385,3.197769352666611e-28,1
r_2386,6.635653232761967e-21,1
r_2387,1.862271358181214e-52,1
r_2388,1.2659530621247698e-55,1
r_2389,1.1311212495704603e-12,1
r_2390,3.327142341806376e-14,1
r_2391,5.290108866111928e-78,1
r_2392,3.1045984150131443e-44,1
r_2393,2.625473793405578e-90,1
r_2394,6.699051206794744e-27,1
r_2395,1.852535020238962e-37,1
r_2396,1.2692167153853002e-45,1
r_2397,0.10251509125336732,0
r_2398,2.802823810535833e-63,1
r_2399,9.864445720661089e-107,1
r_2400,2.4248205775193143e-61,1
r_2401,1.0806291357099235e-33,1
r_2402,1.0365580859270441e-92,1
r_2403,4.156398336045286e-118,1
r_2404,3.768669120324814e-114,1
r_2405,7.461226285988572e-26,1
r_2406,1.2076953011578724e-41,1
r_2407,4.924711286458281e-34,1
r_2408,1.023317116731538e-42,1
r_2409,5.729923804727979e-33,1
r_2410,1.6953306937530067e-187,1
r_2411,1.0000649205067692e-60,1
r_2412,1.7507367864579675e-164,1
r_2413,9.220356991897323e-157,1
r_2414,2.7205979077036445e-103,1
r_2415,6.038532557482418e-134,1
r_2416,1.1713583965069063e-22,1
r_2417,3.440898629042211e-32,1
r_2418,1.1200792010486666e-21,1
r_2419,4.993314546556892e-75,1
r_2420,4.7940152745166025e-17,1
r_2421,1.292244040509045e-66,1
r_2422,1.630281343907772e-17,1
r_2423,1.349192088213319e-79,1
r_2424,7.244760485782736e-98,1
r_2425,5.396304231738454e-72,1
r_2426,0.010276495762044995,1
r_2427,1.2662094378083218e-52,1
r_2428,3.3366269286168967e-31,1
r_2429,1.659368755571708e-86,1
r_2430,6.632288673266642e-50,1
r_2431,2.51017079205825e-52,1
r_2432,0.0,1
r_2433,0.0,1
r_2434,0.0,1
r_2435,0.0,1
r_2436,0.0,1
r_2437,0.0,1
r_2438,0.0,1
r_2439,0.0,1
r_2440,3.4394688416982765e-25,1
r_2441,0.0,1
r_2442,4.194986942676311e-35,1
r_2443,0.0,1
r_2444,0.0,1
r_2445,3.702641606156971e-27,1
r_2446,6.647755324256447e-172,1
r_2447,2.769628611487424e-41,1
r_2448,1.4997964769035889e-294,1
r_2449,5.0854952410265415e-196,1
r_2450,2.6655012287801604e-213,1
r_2451,0.0,1
r_2452,0.0,1
r_2453,6.328307800565061e-290,1
r_2454,0.0,1
r_2455,0.0,1
r_2456,0.0,1
r_2457,0.0,1
r_2458,0.0,1
r_2459,0.0,1
r_2460,0.0,1
r_2461,0.0,1
r_2462,0.0,1
r_2463,0.0,1
r_2464,1.4759037578914645e-07,1
r_2465,0.0,1
r_2466,2.1636821074268355e-236,1
r_2467,0.0,1
r_2468,0.0,1
r_2469,0.0,1
r_2470,4.7932971001145645e-120,1
r_2471,6.414418485929196e-80,1
r_2472,0.0,1
r_2473,0.0,1
r_2474,0.0,1
r_2475,0.0,1
r_2476,0.0,1
r_2477,0.0,1
r_2478,0.0,1
r_2479,0.0,1
r_2480,0.0,1
r_2481,0.0,1
r_2482,0.0,1
r_2483,0.0,1
r_2484,0.0,1
r_2485,0.0,1
r_2486,0.0,1
r_2487,0.0,1
r_2488,4.117932680188703e-169,1
r_2489,2.8363228389884185e-27,1
r_2490,0.0,1
r_2491,0.0,1
r_2492,6.270341942932726e-222,1
r_2493,0.0,1
r_2494,0.0,1
r_2495,7.031798934762575e-181,1
r_2496,4.117932680188703e-169,1
r_2497,2.8363228389884185e-27,1
r_2498,0.0,1
r_2499,0.0,1
r_2500,6.270341942932726e-222,1
r_2501,0.0,1
r_2502,0.0,1
r_2503,7.031798934762575e-181,1
r_2504,4.117932680188703e-169,1
r_2505,2.8363228389884185e-27,1
r_2506,0.0,1
r_2507,0.0,1
r_2508,6.270341942932726e-222,1
r_2509,0.0,1
r_2510,0.0,1
r_2511,7.031798934762575e-181,1
r_2512,0.0,1
r_2513,0.0,1
r_2514,0.0,1
r_2515,3.101519812084673e-219,1
r_2516,0.0,1
r_2517,1.2779887016522938e-248,1
r_2518,1.0580493178127288e-173,1
r_2519,1.1819917862182864e-306,1
r_2520,0.0,1
r_2521,1.747688197288513e-114,1
r_2522,0.0,1
r_2523,0.0,1
r_2524,0.0,1
r_2525,0.0,1
r_2526,0.0,1
r_2527,0.0,1
r_2528,1.1654107443386734e-76,1
r_2529,1.2796396999748792e-276,1
r_2530,1.1531516581697283e-175,1
r_2531,5.640907792177857e-139,1
r_2532,1.240658151793232e-242,1
r_2533,1.0237732426450365e-142,1
r_2534,2.5574012464072934e-113,1
r_2535,0.0,1
r_2536,3.4394688416982765e-25,1
r_2537,0.0,1
r_2538,4.194986942676311e-35,1
r_2539,0.0,1
r_2540,0.0,1
r_2541,3.702641606156971e-27,1
r_2542,3.4394688416982765e-25,1
r_2543,0.0,1
r_2544,4.194986942676311e-35,1
r_2545,0.0,1
r_2546,0.0,1
r_2547,3.702641606156971e-27,1
r_2548,0.0,1
r_2549,1.6017760514084835e-245,1
r_2550,0.0,1
r_2551,0.0,1
r_2552,0.0,1
r_2553,0.0,1
r_2554,0.0,1
r_2555,0.0,1
r_2556,0.0,1
r_2557,0.0,1
r_2558,7.876624706455158e-120,1
r_2559,0.0,1
r_2560,0.0,1
r_2561,1.785013399587231e-52,1
r_2562,0.0,1
r_2563,0.0,1
r_2564,0.0,1
r_2565,0.0,1
r_2566,0.0,1
r_2567,0.0,1
r_2568,0.0,1
r_2569,0.0,1
r_2570,0.0,1
r_2571,5.442603313070535e-126,1
r_2572,2.908209932721491e-284,1
r_2573,0.0,1
r_2574,0.0,1
r_2575,0.0,1
r_2576,5.2340217521899444e-281,1
r_2577,1.3393179128002484e-268,1
r_2578,0.0,1
r_2579,6.709625236814256e-223,1
r_2580,1.2815936623695787e-237,1
r_2581,0.0,1
r_2582,0.0,1
r_2583,0.0,1
r_2584,4.296609455038756e-254,1
r_2585,0.0,1
r_2586,0.0,1
r_2587,0.0,1
r_2588,0.0,1
r_2589,9.113055642768603e-241,1
r_2590,0.0,1
r_2591,0.0,1
r_2592,0.0,1
r_2593,7.688869645804625e-245,1
r_2594,0.0,1
r_2595,0.0,1
r_2596,0.0,1
r_2597,0.0,1
r_2598,0.0,1
r_2599,0.0,1
r_2600,0.0,1
r_2601,0.0,1
r_2602,0.0,1
r_2603,0.0,1
r_2604,0.0,1
r_2605,0.0,1
r_2606,0.0,1
r_2607,1.81379913956626e-275,1
r_2608,0.0,1
r_2609,0.0,1
r_2610,0.0,1
r_2611,0.0,1
r_2612,1.0331568281918049e-122,1
r_2613,1.0849071374100551e-128,1
r_2614,0.0,1
r_2615,0.0,1
r_2616,7.147161197937563e-249,1
r_2617,4.865936337652045e-278,1
r_2618,0.0,1
r_2619,2.70760810107866e-309,1
r_2620,0.0,1
r_2621,0.0,1
r_2622,0.0,1
r_2623,0.0,1
r_2624,0.0,1
r_2625,0.0,1
r_2626,0.0,1
r_2627,0.0,1
r_2628,0.0,1
r_2629,0.0,1
r_2630,0.0,1
r_2631,0.0,1
r_2632,0.0,1
r_2633,0.0,1
r_2634,0.0,1
r_2635,0.0,1
r_2636,0.0,1
r_2637,0.0,1
r_2638,0.0,1
r_2639,0.0,1
r_2640,0.0,1
r_2641,0.0,1
r_2642,0.0,1
r_2643,0.0,1
r_2644,0.0,1
r_2645,0.0,1
r_2646,0.0,1
r_2647,0.0,1
r_2648,0.0,1
r_2649,0.0,1
r_2650,0.0,1
r_2651,0.0,1
r_2652,0.0,1
r_2653,0.0,1
r_2654,0.0,1
r_2655,0.0,1
r_2656,0.0,1
r_2657,0.0,1
r_2658,0.0,1
r_2659,0.0,1
r_2660,0.0,1
r_2661,0.0,1
r_2662,0.0,1
r_2663,0.0,1
r_2664,0.0,1
r_2665,0.0,1
r_2666,0.0,1
r_2667,0.0,1
r_2668,0.0,1
r_2669,0.0,1
r_2670,0.0,1
r_2671,0.0,1
r_2672,0.0,1
r_2673,0.0,1
r_2674,0.0,1
r_2675,0.0,1
r_2676,0.0,1
r_2677,0.0,1
r_2678,0.0,1
r_2679,0.0,1
r_2680,0.0,1
r_2681,0.0,1
r_2682,0.0,1
r_2683,0.0,1
r_2684,0.0,1
r_2685,0.0,1
r_2686,0.0,1
r_2687,0.0,1
r_2688,0.0,1
r_2689,2.464814819442203e-305,1
r_2690,0.0,1
r_2691,0.0,1
r_2692,0.0,1
r_2693,0.0,1
r_2694,0.0,1
r_2695,0.0,1
r_2696,0.0,1
r_2697,0.0,1
r_2698,0.0,1
r_2699,0.0,1
r_2700,0.0,1
r_2701,0.0,1
r_2702,0.0,1
r_2703,0.0,1
r_2704,0.0,1
r_2705,0.0,1
r_2706,0.0,1
r_2707,0.0,1
r_2708,0.0,1
r_2709,0.0,1
r_2710,0.0,1
r_2711,0.0,1
r_2712,0.0,1
r_2713,0.0,1
r_2714,0.0,1
r_2715,0.0,1
r_2716,0.0,1
r_2717,0.0,1
r_2718,0.0,1
r_2719,0.0,1
r_2720,0.0,1
r_2721,0.0,1
r_2722,0.0,1
r_2723,0.0,1
r_2724,0.0,1
r_2725,0.0,1
r_2726,0.0,1
r_2727,0.0,1
r_2728,0.0,1
r_2729,0.0,1
r_2730,0.0,1
r_2731,0.0,1
r_2732,0.0,1
r_2733,0.0,1
r_2734,0.0,1
r_2735,0.0,1
r_2736,0.0,1
r_2737,0.0,1
r_2738,0.0,1
r_2739,0.0,1
r_2740,0.0,1
r_2741,0.0,1
r_2742,0.0,1
r_2743,0.0,1
r_2744,0.0,1
r_2745,0.0,1
r_2746,0.0,1
r_2747,0.0,1
r_2748,0.0,1
r_2749,0.0,1
r_2750,0.0,1
r_2751,0.0,1
r_2752,0.0,1
r_2753,0.0,1
r_2754,0.0,1
r_2755,0.0,1
r_2756,0.0,1
r_2757,0.0,1
r_2758,0.0,1
r_2759,0.0,1
r_2760,0.0,1
r_2761,0.0,1
r_2762,0.0,1
r_2763,1.4440455219983902e-262,1
r_2764,0.0,1
r_2765,0.0,1
r_2766,0.0,1
r_2767,0.0,1
r_2768,0.0,1
r_2769,0.0,1
r_2770,0.0,1
r_2771,0.0,1
r_2772,0.0,1
r_2773,0.0,1
r_2774,0.0,1
r_2775,0.0,1
r_2776,0.0,1
r_2777,0.0,1
r_2778,0.0,1
r_2779,0.0,1
r_2780,0.0,1
r_2781,0.0,1
r_2782,0.0,1
r_2783,0.0,1
r_2784,0.0,1
r_2785,0.0,1
r_2786,0.0,1
r_2787,0.0,1
r_2788,0.0,1
r_2789,0.0,1
r_2790,0.0,1
r_2791,0.0,1
r_2792,0.0,1
r_2793,0.0,1
r_2794,0.0,1
r_2795,0.0,1
r_2796,0.0,1
r_2797,0.0,1
r_2798,0.0,1
r_2799,0.0,1
r_2800,0.0,1
r_2801,0.0,1
r_2802,0.0,1
r_2803,0.0,1
r_2804,0.0,1
r_2805,0.0,1
r_2806,0.0,1
r_2807,0.0,1
r_2808,0.0,1
r_2809,0.0,1
r_2810,0.0,1
r_2811,0.0,1
r_2812,0.0,1
r_2813,0.0,1
r_2814,2.206661313397698e-68,1
r_2815,2.0205514782529235e-67,1
r_2816,1.2396077984670886e-307,1
r_2817,0.0,1
r_2818,0.0,1
r_2819,0.0,1
r_2820,1.4120751440451688e-96,1
r_2821,4.2088709301045655e-57,1
r_2822,3.4064972835377774e-73,1
r_2823,2.2741554962750435e-65,1
r_2824,1.2516764180923696e-154,1
r_2825,3.2556520102998035e-05,1
r_2826,6.990033139863138e-87,1
r_2827,3.5313045536958276e-125,1
r_2828,1000,0
r_2829,1000,0
r_2830,1000,0
r_2831,1000,0
r_2832,1000,0
r_2833,1000,0
r_2834,1000,0
r_2835,1000,0
r_2836,1.80263516140953e-18,1
r_2837,2.9858329901340364e-26,1
r_2838,3.726710960053321e-43,1
r_2839,7.704772976314632e-76,1
r_2840,5.141643410038361e-91,1
r_2841,9.020451349751253e-45,1
r_2842,4.725988099907673e-85,1
r_2843,1.3362431037862428e-57,1
r_2844,2.1850774174936728e-104,1
r_2845,2.1381096102575335e-199,1
r_2846,0.0,1
r_2847,1.3012530558637377e-57,1
r_2848,8.044881335209244e-13,1
r_2849,2.598084540568099e-194,1
r_2850,3.0818418138758566e-66,1
r_2851,2.686255111706626e-82,1
r_2852,3.176660982659714e-100,1
r_2853,2.8514082170124456e-79,1
r_2854,1.9884439422566464e-130,1
r_2855,1.345125436694343e-137,1
r_2856,4.359079906179182e-132,1
r_2857,4.9694192232079985e-173,1
r_2858,3.26290902263575e-118,1
r_2859,7.367732609579894e-209,1
r_2860,2.1850774174936728e-104,1
r_2861,2.1381096102575335e-199,1
r_2862,0.0,1
r_2863,1.3012530558637377e-57,1
r_2864,8.044881335209244e-13,1
r_2865,2.598084540568099e-194,1
r_2866,3.0818418138758566e-66,1
r_2867,2.686255111706626e-82,1
r_2868,6.111520282607349e-99,1
r_2869,1.2438845186402947e-75,1
r_2870,5.208127818458215e-134,1
r_2871,1.1909119012437583e-89,1
r_2872,1.4007273080120828e-46,1
r_2873,1.014814173724229e-115,1
r_2874,8.619219363359675e-89,1
r_2875,1.8511874726003713e-28,1
r_2876,1.0325295245605248e-70,1
r_2877,5.868617248027947e-33,1
r_2878,2.831222918983919e-92,1
r_2879,2.8003973935319357e-143,1
r_2880,5.330062814473424e-142,1
r_2881,3.01423053116291e-138,1
r_2882,1.7388609096111833e-208,1
r_2883,1.8467801492732543e-68,1
r_2884,0.0,1
r_2885,0.0,1
r_2886,0.0,1
r_2887,0.0,1
r_2888,0.0,1
r_2889,0.0,1
r_2890,0.0,1
r_2891,0.0,1
r_2892,0.0,1
r_2893,0.0,1
r_2894,0.0,1
r_2895,0.0,1
r_2896,0.0,1
r_2897,0.0,1
r_2898,0.0,1
r_2899,0.0,1
r_2900,0.0,1
r_2901,0.0,1
r_2902,0.0,1
r_2903,0.0,1
r_2904,0.0,1
r_2905,0.0,1
r_2906,0.0,1
r_2907,0.0,1
r_2908,0.0,1
r_2909,0.0,1
r_2910,0.0,1
r_2911,0.0,1
r_2912,0.0,1
r_2913,0.0,1
r_2914,0.0,1
r_2915,0.0,1
r_2916,0.0,1
r_2917,0.0,1
r_2918,0.0,1
r_2919,0.0,1
r_2920,0.0,1
r_2921,0.0,1
r_2922,0.0,1
r_2923,0.0,1
r_2924,0.0,1
r_2925,0.0,1
r_2926,0.0,1
r_2927,0.0,1
r_2928,0.0,1
r_2929,0.0,1
r_2930,0.0,1
r_2931,0.0,1
r_2932,0.0,1
r_2933,0.0,1
r_2934,0.0,1
r_2935,0.0,1
r_2936,0.0,1
r_2937,0.0,1
r_2938,0.0,1
r_2939,0.0,1
r_2940,0.0,1
r_2941,0.0,1
r_2942,0.0,1
r_2943,0.0,1
r_2944,0.0,1
r_2945,0.0,1
r_2946,0.0,1
r_2947,0.0,1
r_2948,0.0,1
r_2949,0.0,1
r_2950,0.0,1
r_2951,0.0,1
r_2952,0.0,1
r_2953,0.0,1
r_2954,0.0,1
r_2955,0.0,1
r_2956,0.0,1
r_2957,0.0,1
r_2958,0.0,1
r_2959,0.0,1
r_2960,0.0,1
r_2961,0.0,1
r_2962,0.0,1
r_2963,0.0,1
r_2964,0.0,1
r_2965,0.0,1
r_2966,0.0,1
r_2967,0.0,1
r_2968,0.0,1
r_2969,0.0,1
r_2970,0.0,1
r_2971,0.0,1
r_2972,0.0,1
r_2973,0.0,1
r_2974,0.0,1
r_2975,0.0,1
r_2976,0.0,1
r_2977,0.0,1
r_2978,0.0,1
r_2979,0.0,1
r_2980,0.0,1
r_2981,0.0,1
r_2982,0.0,1
r_2983,0.0,1
r_2984,0.0,1
r_2985,0.0,1
r_2986,0.0,1
r_2987,0.0,1
r_2988,0.0,1
r_2989,0.0,1
r_2990,0.0,1
r_2991,0.0,1
r_2992,0.0,1
r_2993,0.0,1
r_2994,0.0,1
r_2995,0.0,1
r_2996,0.0,1
r_2997,0.0,1
r_2998,0.0,1
r_2999,0.0,1
r_3000,0.0,1
r_3001,0.0,1
r_3002,0.0,1
r_3003,0.0,1
r_3004,3.813962255340083e-67,1
r_3005,0.0,1
r_3006,0.0,1
r_3007,0.0,1
r_3008,0.0,1
r_3009,0.0,1
r_3010,0.0,1
r_3011,0.0,1
r_3022,3.232789726915797e-16,1
r_3023,3.485233933113283e-11,1
r_3024,4.5570396790555914e-32,1
r_3025,3.6006376364730293e-113,1
r_3026,4.683935591348227e-167,1
r_3027,9.152409762644492e-75,1
r_3028,3.0372755728181774e-152,1
r_3029,3.116394618524296e-93,1
r_3030,5.029244538397666e-80,1
r_3031,0.0,1
r_3032,7.919468845149477e-42,1
r_3033,4.237132783433497e-198,1
r_3034,8.282753177665562e-52,1
r_3035,1.5619875818177866e-99,1
r_3036,0.0,1
r_3037,0.0,1
r_3038,8.740266059859741e-116,1
r_3039,0.0,1
r_3040,1.0401869714245724e-24,1
r_3041,0.0,1
r_3042,1.697331872327471e-179,1
r_3043,0.0,1
r_3044,0.0,1
r_3045,0.0,1
r_3046,0.0,1
r_3047,9.709090965434234e-196,1
r_3048,0.0,1
r_3049,0.0,1
r_3050,2.8622992033870146e-192,1
r_3051,1.14674353778257e-12,1
r_3052,0.0,1
r_3053,3.0383917264456465e-223,1
r_3054,0.0,1
r_3055,1.6066308727230177e-129,1
r_3056,0.0,1
r_3057,0.0,1
r_3058,0.0,1
r_3059,0.0,1
r_3060,0.0,1
r_3061,0.0,1
r_3062,0.0,1
r_3063,0.0,1
r_3064,0.0,1
r_3065,0.0,1
r_3066,0.0,1
r_3067,0.0,1
r_3068,0.0,1
r_3069,0.0,1
r_3070,1.5671400911675152e-192,1
r_3071,0.0,1
r_3072,0.0,1
r_3073,0.0,1
r_3074,0.0,1
r_3075,0.0,1
r_3076,5.15323068013196e-78,1
r_3077,0.0,1
r_3078,3.5615236172736997e-300,1
r_3079,0.0,1
r_3080,1.0700142605374308e-295,1
r_3081,0.0,1
r_3082,0.0,1
r_3083,0.0,1
r_3084,9.021490520606702e-203,1
r_3085,0.0,1
r_3086,0.0,1
r_3087,0.0,1
r_3088,2.5801178234160548e-256,1
r_3089,0.0,1
r_3090,0.0,1
r_3091,1.0755990298236913e-261,1
r_3092,0.0,1
r_3093,0.0,1
r_3094,1.1770959526866011e-196,1
r_3095,0.0,1
r_3096,0.0,1
r_3097,0.0,1
r_3098,3.4394688416982765e-25,1
r_3099,0.0,1
r_3100,4.194986942676311e-35,1
r_3101,0.0,1
r_3102,0.0,1
r_3103,3.702641606156971e-27,1
r_3104,0.0024872094417262383,1
r_3105,7.704979568309448e-166,1
r_3106,1.5407341081606925e-06,1
r_3107,5.134237269532046e-135,1
r_3108,9.399996947960677e-85,1
r_3109,2.0221358752735342e-67,1
r_3110,4.236819659270527e-97,1
r_3111,8.507573991051181e-44,1
r_3112,5.767630690826482e-45,1
r_3113,3.881669537572838e-27,1
r_3114,1.9563494612529348e-29,1
r_3115,9.483017005549677e-54,1
r_3116,2.396915537487225e-23,1
r_3117,1.5380097713777743e-126,1
r_3118,1.1479376904366594e-116,1
r_3119,3.341538726612681e-09,1
r_3120,7.173616675935736e-45,1
r_3121,3.295598162153402e-20,1
r_3122,1.3993623580828477e-50,1
r_3123,1.2350621535164493e-71,1
r_3124,0.009670098325184248,1
r_3125,1.6915011284398497e-86,1
r_3126,4.043761072628142e-05,1
r_3127,5.256688877630964e-38,1
r_3128,1.2392437680367028e-50,1
r_3129,7.497140047443815e-18,1
r_3130,2.044740375628556e-63,1
r_3131,7.300354369902975e-44,1
r_3132,4.710655447808849e-10,1
r_3133,5.637442606408254e-38,1
r_3134,2.2420173806853232e-13,1
r_3135,9.379899689541114e-71,1
r_3136,1.2093902344784767e-20,1
r_3137,2.550521192829778e-26,1
r_3138,4.278855556323714e-43,1
r_3139,2.5483783406916333e-23,1
r_3140,2.3919732423708573e-64,1
r_3141,3.186240624170564e-33,1
r_3142,9.341003984975644e-31,1
r_3143,6.033416411611598e-95,1
r_3144,4.842283595665603e-85,1
r_3145,1.0257417251632833e-44,1
r_3146,2.248146797274312e-68,1
r_3147,1.044769997938168e-39,1
r_3148,0.024050827972727038,1
r_3149,4.583007790747428e-68,1
r_3150,3.49149797046973e-08,1
r_3151,4.103792099161417e-73,1
r_3152,4.9603456284745765e-43,1
r_3153,4.4766564597494475e-41,1
r_3154,1.9489353540134825e-42,1
r_3155,7.888331747538621e-35,1
r_3156,1.1424862201114702e-121,1
r_3157,7.703096459471757e-09,1
r_3158,1.5739080982744993e-42,1
r_3159,7.635257282056152e-71,1
r_3160,7.36022230794809e-163,1
r_3161,1.377303718542804e-105,1
r_3162,4.43322789722215e-96,1
r_3163,6.106611377497365e-79,1
r_3164,3.755848747850742e-110,1
r_3165,4.5127927507263e-55,1
r_3166,5.757279848148441e-154,1
r_3167,2.573149904761197e-89,1
r_3168,1.80263516140953e-18,1
r_3169,2.9858329901340364e-26,1
r_3170,3.726710960053321e-43,1
r_3171,7.704772976314632e-76,1
r_3172,5.141643410038361e-91,1
r_3173,9.020451349751253e-45,1
r_3174,4.725988099907673e-85,1
r_3175,1.3362431037862428e-57,1
r_3176,5.767630690826482e-45,1
r_3177,3.881669537572838e-27,1
r_3178,1.9563494612529348e-29,1
r_3179,9.483017005549677e-54,1
r_3180,2.396915537487225e-23,1
r_3181,1.5380097713777743e-126,1
r_3182,1.1479376904366594e-116,1
r_3183,3.341538726612681e-09,1
r_3184,7.173616675935736e-45,1
r_3185,3.295598162153402e-20,1
r_3186,1.3993623580828477e-50,1
r_3187,1.2350621535164493e-71,1
r_3188,0.009670098325184248,1
r_3189,1.6915011284398497e-86,1
r_3190,4.043761072628142e-05,1
r_3191,5.256688877630964e-38,1
r_3192,1.5998946556183457e-69,1
r_3193,2.2268926860572243e-51,1
r_3194,1.5434438725219157e-70,1
r_3195,1.9730227218171464e-52,1
r_3196,2.3746340567986936e-40,1
r_3197,2.706671509076708e-72,1
r_3198,8.215824841944277e-28,1
r_3199,5.278613154983898e-50,1
r_3200,1.1341654421509586e-71,1
r_3201,3.401846505310894e-84,1
r_3202,1.3035366373802399e-279,1
r_3203,2.528398705897889e-34,1
r_3204,3.718115109356967e-67,1
r_3205,3.737100520322536e-130,1
r_3206,1.2472685654619484e-145,1
r_3207,1.1613036535998883e-26,1
r_3208,7.080716685363501e-63,1
r_3209,2.4674650937252535e-113,1
r_3210,4.475485097008123e-102,1
r_3211,2.628359137513382e-39,1
r_3212,0.00397522789434354,1
r_3213,2.4248526991112576e-54,1
r_3214,9.7918512008346e-46,1
r_3215,1.3051764623868123e-20,1
r_3216,1.657369724781163e-30,1
r_3217,1.8272225725845557e-13,1
r_3218,3.156823205868747e-64,1
r_3219,1.3711064508443427e-45,1
r_3220,4.0432414596065982e-115,1
r_3221,5.302992911578509e-49,1
r_3222,1.526255491884172e-162,1
r_3223,5.349177959418541e-24,1
r_3224,1.1757439874286863e-98,1
r_3225,3.292359895638112e-68,1
r_3226,9.191968666902608e-105,1
r_3227,8.6115145257460815e-19,1
r_3228,1.7684231566766798e-115,1
r_3229,9.220646292005465e-66,1
r_3230,3.0893264036467706e-110,1
r_3231,5.9291415656154315e-62,1
r_3232,0.0003521102311577695,1
r_3233,2.707459812229007e-48,1
r_3234,1.033201363176071e-17,1
r_3235,3.492375801099787e-55,1
r_3236,6.306427543256158e-93,1
r_3237,1.7536431477787748e-59,1
r_3238,3.9493427629329213e-35,1
r_3239,0.015197145006210099,1
r_3240,1000,0
r_3241,1000,0
r_3242,1000,0
r_3243,1000,0
r_3244,1000,0
r_3245,1000,0
r_3246,1000,0
r_3247,1000,0
r_3248,1000,0
r_3249,1000,0
r_3250,1000,0
r_3251,1000,0
r_3252,5.199368223721707e-39,1
r_3253,1.183035648638039e-31,1
r_3254,1.8245688506453978e-29,1
r_3255,8.757741084740857e-30,1
r_3256,3.926792915182613e-39,1
r_3257,2.470012608053179e-80,1
r_3258,1.2699860467869198e-70,1
r_3259,1.4643259564200847e-21,1
r_3260,6.060257669704033e-31,1
r_3261,2.8018047025225678e-18,1
r_3262,1.9056825465820976e-65,1
r_3263,3.716013768786104e-32,1
r_3264,2.9943366239375634e-122,1
r_3265,4.742193464413836e-22,1
r_3266,2.23087802785037e-56,1
r_3267,7.496845787262344e-91,1
r_3268,2.5492685497244064e-103,1
r_3269,2.951442025664468e-75,1
r_3270,8.180715998578064e-41,1
r_3271,7.928856732239953e-21,1
r_3272,1.7871293604044774e-51,1
r_3273,3.7536525185201017e-69,1
r_3274,5.332810960378956e-57,1
r_3275,9.932485602788633e-26,1
r_3276,0.002108715007461612,1
r_3277,1.2868174464260145e-56,1
r_3278,8.991887545299791e-33,1
r_3279,1.0956485967381055e-43,1
r_3280,1.401567663283516e-28,1
r_3281,2.627213902629079e-131,1
r_3282,3.497661919017674e-57,1
r_3283,4.155815479740882e-06,1
r_3284,1.03386354682996e-95,1
r_3285,1.4640466852096557e-118,1
r_3286,1.1708602635896298e-113,1
r_3287,3.249225229942002e-123,1
r_3288,2.4354031488980157e-104,1
r_3289,8.991078868450991e-108,1
r_3290,1.3875244265418077e-69,1
r_3291,1.1836176725254072e-60,1
r_3292,8.685520073074083e-56,1
r_3293,7.413375625165244e-80,1
r_3294,6.513830811492767e-107,1
r_3295,1.3483835655097067e-143,1
r_3296,2.5224380450284373e-150,1
r_3297,1.9327094333453434e-78,1
r_3298,6.168208326631062e-162,1
r_3299,1.6524201757724627e-220,1
r_3300,5.133186683038142e-54,1
r_3301,8.672358839643645e-184,1
r_3302,0.0,1
r_3303,3.325599493906874e-48,1
r_3304,1000,0
r_3305,1000,0
r_3306,1000,0
r_3307,1000,0
r_3308,2.2028974673691224e-148,1
r_3309,4.14162807930899e-232,1
r_3310,0.0,1
r_3311,4.541541175608189e-194,1
r_3312,1.7769381752210563e-194,1
r_3313,2.1951418180182758e-242,1
r_3314,5.902853935666724e-124,1
r_3315,1.3290694732983646e-145,1
r_3316,2.6783567910253135e-160,1
r_3317,4.3747226518518174e-69,1
r_3318,1.3507491199312677e-41,1
r_3319,1.6191862998525322e-78,1
r_3320,6.157502529785253e-132,1
r_3321,2.885184351242107e-19,1
r_3322,5.170827046989518e-30,1
r_3323,1.1367752089302003e-177,1
r_3324,2.1752363739717187e-65,1
r_3325,2.0313372980829218e-29,1
r_3326,1.0222807352491677e-93,1
r_3327,3.0186876137650565e-60,1
r_3328,5.062223049971723e-63,1
r_3329,1.3829206143347654e-178,1
r_3330,5.4383070262171075e-34,1
r_3331,1.0553623090409008e-71,1
r_3332,0.0003521102311577695,1
r_3333,2.707459812229007e-48,1
r_3334,1.033201363176071e-17,1
r_3335,3.492375801099787e-55,1
r_3336,6.306427543256158e-93,1
r_3337,1.7536431477787748e-59,1
r_3338,3.9493427629329213e-35,1
r_3339,0.015197145006210099,1
r_3340,1.1757439874286863e-98,1
r_3341,3.292359895638112e-68,1
r_3342,9.191968666902608e-105,1
r_3343,8.6115145257460815e-19,1
r_3344,1.7684231566766798e-115,1
r_3345,9.220646292005465e-66,1
r_3346,3.0893264036467706e-110,1
r_3347,5.9291415656154315e-62,1
r_3348,4.181803774137111e-303,1
r_3349,2.0203643541021153e-297,1
r_3350,2.2977183352009947e-101,1
r_3351,0.0,1
r_3352,0.0,1
r_3353,0.0,1
r_3354,4.003612887228858e-239,1
r_3355,0.0,1
r_3356,0.0,1
r_3357,2.2341892488545373e-279,1
r_3358,0.0,1
r_3359,0.0,1
r_3360,0.0,1
r_3361,0.0,1
r_3362,0.0,1
r_3363,7.314602744414751e-150,1
r_3364,2.6692225862086897e-123,1
r_3365,0.0,1
r_3366,6.641032551057725e-256,1
r_3367,1.1679336305409335e-252,1
r_3368,0.0,1
r_3369,2.8016225349450204e-295,1
r_3370,0.0,1
r_3371,0.0,1
r_3372,7.023560654127727e-235,1
r_3373,1.894699260478227e-172,1
r_3374,0.0,1
r_3375,0.0,1
r_3376,0.0,1
r_3377,0.0,1
r_3378,2.3691141066015592e-222,1
r_3379,0.0,1
r_3380,0.0,1
r_3381,0.0,1
r_3382,0.0,1
r_3383,0.0,1
r_3384,0.0,1
r_3385,2.484777136198522e-134,1
r_3386,0.0,1
r_3387,3.4345170938588263e-256,1
r_3388,0.0,1
r_3389,0.0,1
r_3390,1.9158526787236213e-199,1
r_3391,0.0,1
r_3392,0.0,1
r_3393,0.0,1
r_3394,2.637320369913157e-267,1
r_3395,0.0,1
r_3396,0.0,1
r_3397,0.0,1
r_3398,0.0,1
r_3399,0.0,1
r_3400,0.0,1
r_3401,0.0,1
r_3402,0.0,1
r_3403,0.0,1
r_3404,0.0,1
r_3405,1.4164453388585337e-218,1
r_3406,0.0,1
r_3407,3.389305621148713e-188,1
r_3408,0.0,1
r_3409,0.0,1
r_3410,0.0,1
r_3411,0.0,1
r_3412,0.0,1
r_3413,0.0,1
r_3414,0.0,1
r_3415,0.0,1
r_3416,0.0,1
r_3417,5.323577847076323e-305,1
r_3418,1.473866105961201e-302,1
r_3419,0.0,1
r_3420,0.0,1
r_3421,0.0,1
r_3422,0.0,1
r_3423,1.6816143454987128e-241,1
r_3424,0.0,1
r_3425,0.0,1
r_3426,0.0,1
r_3427,0.0,1
r_3428,1.3152638894419876e-85,1
r_3429,1.3617534334504862e-34,1
r_3430,8.680778120063915e-20,1
r_3431,2.4357664718107788e-42,1
r_3432,4.406019283136128e-24,1
r_3433,5.37186158083319e-41,1
r_3434,2.439145702499091e-14,1
r_3435,0.0007063054248397486,1
r_3436,2.478467827699853e-08,1
r_3437,0.0,1
r_3438,0.0,1
r_3439,2.596150526814725e-57,1
r_3440,0.0,1
r_3441,0.0,1
r_3442,1.6838956616962905e-36,1
r_3443,0.0,1
r_3444,0.0,1
r_3445,0.0,1
r_3446,6.243004724106817e-53,1
r_3447,0.0,1
r_3448,7.188135002817318e-24,1
r_3449,0.0,1
r_3450,1.0987875350459382e-20,1
r_3451,0.0,1
r_3452,0.0,1
r_3453,0.0,1
r_3454,5.895113946154767e-32,1
r_3455,0.0,1
r_3456,3.1268850006462853e-80,1
r_3457,3.896106191131738e-99,1
r_3458,1.437801449961383e-76,1
r_3459,0.0,1
r_3460,1.2013159447449046e-45,1
r_3461,1.7616974617604696e-50,1
r_3462,0.0,1
r_3463,9.443810870519915e-58,1
r_3464,0.0,1
r_3465,0.0,1
r_3466,1.0997399210464376e-64,1
r_3467,0.0,1
r_3468,6.757420216223048e-50,1
r_3469,0.0,1
r_3470,0.0,1
r_3471,1.4015646074905262e-80,1
r_3472,0.0,1
r_3473,2.312045561290166e-19,1
r_3474,0.0,1
r_3475,3.26857705500205e-91,1
r_3476,0.0,1
r_3477,0.0,1
r_3478,0.0,1
r_3479,0.0,1
r_3480,0.0,1
r_3481,0.0,1
r_3482,0.0,1
r_3483,0.0,1
r_3484,0.0,1
r_3485,8.236517470680437e-22,1
r_3486,0.0,1
r_3487,0.0,1
r_3488,0.0,1
r_3489,4.89460448711907e-87,1
r_3490,0.0,1
r_3491,0.0,1
r_3492,0.0,1
r_3493,8.093671954463144e-153,1
r_3494,0.0,1
r_3495,1.3361233408206365e-21,1
r_3496,0.0,1
r_3497,3.9749279527956205e-42,1
r_3498,0.0,1
r_3499,0.0,1
r_3500,0.0,1
r_3501,3.1840070155294484e-26,1
r_3502,9.34440314267127e-98,1
r_3503,9.5202476116109e-65,1
r_3504,0.0,1
r_3505,0.0,1
r_3506,2.3099062724573997e-84,1
r_3507,0.0,1
r_3508,8.487286585080286e-174,1
r_3509,1.041949476853499e-85,1
r_3510,0.0,1
r_3511,0.0,1
r_3512,0.0,1
r_3513,0.0,1
r_3514,0.0,1
r_3515,0.0,1
r_3516,0.0,1
r_3517,0.0,1
r_3518,0.0,1
r_3519,0.0,1
r_3520,0.0,1
r_3521,3.2364441916479197e-25,1
r_3522,0.0,1
r_3523,0.0,1
r_3524,0.0,1
r_3525,0.0,1
r_3526,0.0,1
r_3527,0.0,1
r_3528,0.0,1
r_3529,0.0,1
r_3530,0.0,1
r_3531,7.354017058961238e-284,1
r_3532,0.0,1
r_3533,7.354017058961238e-284,1
r_3534,0.0,1
r_3535,0.0,1
r_3536,0.0,1
r_3537,0.0,1
r_3538,0.0,1
r_3539,0.0,1
r_3540,0.0,1
r_3541,3.1131220305495305e-230,1
r_3542,0.0,1
r_3543,0.0,1
r_3544,0.0,1
r_3545,3.863154205642796e-222,1
r_3546,0.0,1
r_3547,2.475412663220307e-219,1
r_3548,2.475412663220307e-219,1
r_3549,1000,0
r_3550,1000,0
r_3551,1000,0
r_3552,0.0,1
r_3553,6.730802499231801e-100,1
r_3554,1.932636655830131e-145,1
r_3555,1.9548763583548554e-70,1
r_3556,3.6098629232817686e-73,1
r_3557,9.237828917525183e-34,1
r_3558,4.9023603591656275e-15,1
r_3559,9.571022606716614e-191,1
r_3560,5.76577360027686e-142,1
r_3561,5.544610615434497e-30,1
r_3562,1.411711154847661e-54,1
r_3563,1.4906303806275461e-41,1
r_3564,3.984496348691622e-62,1
r_3565,8.097437740453605e-81,1
r_3566,2.7322188513090346e-114,1
r_3567,3.0928365616560353e-40,1
r_3568,8.741919476653086e-48,1
r_3569,1.348950562654429e-93,1
r_3570,1.437861534920634e-296,1
r_3571,0.0,1
r_3572,0.0,1
r_3573,0.0,1
r_3574,0.0,1
r_3575,0.0,1
r_3576,0.0,1
r_3577,0.0,1
r_3578,0.0,1
r_3579,0.0,1
r_3580,0.0,1
r_3581,5.379298867302811e-206,1
r_3582,0.0,1
r_3583,0.0,1
r_3584,0.0,1
r_3585,0.0,1
r_3586,0.0,1
r_3587,0.0,1
r_3588,2.5544408090994093e-146,1
r_3589,7.949003201224907e-88,1
r_3590,4.614884130843117e-72,1
r_3591,4.089385214955904e-53,1
r_3592,3.964811544930052e-08,1
r_3593,2.4035075119209826e-187,1
r_3594,5.76577360027686e-142,1
r_3595,5.544610615434497e-30,1
r_3596,0.0,1
r_3597,0.0,1
r_3598,1000,0
r_3599,0.0,1
r_3600,0.0,1
r_3601,0.0,1
r_3602,0.0,1
r_3603,9.181888674172149e-175,1
r_3604,0.0,1
r_3605,0.0,1
r_3606,0.0,1
r_3607,0.0,1
r_3608,3.5928509379588444e-291,1
r_3609,0.0,1
r_3610,2.919029386489079e-303,1
r_3611,0.0,1
r_3612,1000,0
r_3613,1000,0
r_3614,0.0,1
r_3615,0.0,1
r_3616,2.2321622929930856e-72,1
r_3617,4.1628641180604873e-75,1
r_3618,1.441558314678206e-66,1
r_3619,1.1173283965819917e-10,1
r_3620,3.145867985939937e-102,1
r_3621,4.0665353650064113e-84,1
r_3622,4.764866533738198e-69,1
r_3623,4.504621668278489e-07,1
r_3624,2.3675897972403314e-40,1
r_3625,2.0716433537621325e-23,1
r_3626,4.416999285903768e-173,1
r_3627,3.995014132813279e-06,1
r_3628,6.788489761149132e-33,1
r_3629,3.308045238440115e-75,1
r_3630,5.7919105707200395e-46,1
r_3631,0.0003677707115534462,1
r_3632,2.1850774174936728e-104,1
r_3633,2.1381096102575335e-199,1
r_3634,0.0,1
r_3635,1.3012530558637377e-57,1
r_3636,8.044881335209244e-13,1
r_3637,2.598084540568099e-194,1
r_3638,3.0818418138758566e-66,1
r_3639,2.686255111706626e-82,1
r_3640,0.0,1
r_3641,1.0755990298236913e-261,1
r_3642,0.0,1
r_3643,0.0,1
r_3644,1.1770959526866011e-196,1
r_3645,0.0,1
r_3646,0.0,1
r_3647,0.0,1
r_3648,0.0,1
r_3649,0.0,1
r_3650,8.925436140071381e-153,1
r_3651,0.0,1
r_3652,0.0,1
r_3653,3.22948117510884e-96,1
r_3654,7.173616675935736e-45,1
r_3655,3.295598162153402e-20,1
r_3656,1.3993623580828477e-50,1
r_3657,1.2350621535164493e-71,1
r_3658,0.009670098325184248,1
r_3659,1.6915011284398497e-86,1
r_3660,4.043761072628142e-05,1
r_3661,5.256688877630964e-38,1
r_3662,0.0,1
r_3663,0.0,1
r_3664,0.0,1
r_3665,4.3719662827868505e-303,1
r_3666,3.00269261860118e-309,1
r_3667,3.00269261860118e-309,1
r_3668,0.0,1
r_3669,2.802263978881591e-231,1
r_3670,0.0,1
r_3671,5.757514023310249e-225,1
r_3672,3.4394688416982765e-25,1
r_3673,0.0,1
r_3674,4.194986942676311e-35,1
r_3675,0.0,1
r_3676,0.0,1
r_3677,3.702641606156971e-27,1
r_3678,0.0,1
r_3679,0.0,1
r_3680,1.2467324075719556e-268,1
r_3681,0.0,1
r_3682,0.0,1
r_3683,0.0,1
r_3684,0.0,1
r_3685,1.2806975892871514e-65,1
r_3686,1.3324019411853313e-57,1
r_3687,2.1427365253558367e-55,1
r_3688,1.1078058795420406e-97,1
r_3689,9.5933705367338e-27,1
r_3690,6.119990205577579e-241,1
r_3691,7.490453976781449e-21,1
r_3692,0.00013110425876774882,1
r_3693,3.3854144716497724e-20,1
r_3694,4.49234545287671e-164,1
r_3695,1.2970512435653117e-55,1
r_3696,8.49613735746426e-35,1
r_3697,7.320805453207941e-16,1
r_3698,4.8773155385731453e-11,1
r_3699,3.403707592767746e-14,1
r_3700,3.182764366109709e-67,1
r_3701,8.331767945649422e-06,1
r_3702,1.781117975432864e-82,1
r_3703,3.3377356720232785e-28,1
r_3704,2.3353461119509982e-45,1
r_3705,4.1106312302663524e-08,1
r_3706,8.531137959985347e-55,1
r_3707,2.0314880681926628e-52,1
r_3708,8.438485150374014e-230,1
r_3709,3.231126061161488e-121,1
r_3710,2.3679579979107298e-163,1
r_3711,1.1416322352320304e-12,1
r_3712,7.632706443790799e-128,1
r_3713,1.8292191201128188e-42,1
r_3714,2.4433456128700974e-93,1
r_3715,4.877396137098442e-78,1
r_3716,1.9173611237664904e-35,1
r_3717,2.475411388353725e-54,1
r_3718,8.888950659976594e-74,1
r_3719,4.0699639909153667e-81,1
r_3720,6.582575973108868e-55,1
r_3721,5.199368223721707e-39,1
r_3722,1.183035648638039e-31,1
r_3723,1.8245688506453978e-29,1
r_3724,8.757741084740857e-30,1
r_3725,3.926792915182613e-39,1
r_3726,2.470012608053179e-80,1
r_3727,1.2699860467869198e-70,1
r_3728,1.4643259564200847e-21,1
r_3729,6.060257669704033e-31,1
r_3730,2.8018047025225678e-18,1
r_3731,2.6783567910253135e-160,1
r_3732,4.3747226518518174e-69,1
r_3733,1.3507491199312677e-41,1
r_3734,1.6191862998525322e-78,1
r_3735,6.157502529785253e-132,1
r_3736,2.885184351242107e-19,1
r_3737,5.170827046989518e-30,1
r_3738,1.1367752089302003e-177,1
r_3739,2.1752363739717187e-65,1
r_3740,2.0313372980829218e-29,1
r_3741,1.0222807352491677e-93,1
r_3742,3.0186876137650565e-60,1
r_3743,1.478458596257052e-219,1
r_3744,4.299224611178005e-159,1
r_3745,1.4249738976233727e-63,1
r_3746,1.685950715906121e-75,1
r_3747,1.07669680731004e-310,1
r_3748,2.0936410228867936e-68,1
r_3749,9.069759151488936e-26,1
r_3750,1.1148137247153544e-241,1
r_3751,8.341657160905869e-228,1
r_3752,2.338183144687139e-193,1
r_3753,1.3080145780383222e-135,1
r_3754,5.89006749830015e-58,1
r_3755,2.61233119205926e-115,1
r_3756,5.817016368290271e-219,1
r_3757,1.1122495110395447e-257,1
r_3758,1.0846655809199086e-156,1
r_3759,3.4394688416982765e-25,1
r_3760,0.0,1
r_3761,4.194986942676311e-35,1
r_3762,0.0,1
r_3763,0.0,1
r_3764,3.702641606156971e-27,1
r_3765,1.4759037578914645e-07,1
r_3766,0.0,1
r_3767,2.1636821074268355e-236,1
r_3768,0.0,1
r_3769,0.0,1
r_3770,0.0,1
r_3771,4.7932971001145645e-120,1
r_3772,6.414418485929196e-80,1
r_3773,1.4759037578914645e-07,1
r_3774,0.0,1
r_3775,2.1636821074268355e-236,1
r_3776,0.0,1
r_3777,0.0,1
r_3778,0.0,1
r_3779,4.7932971001145645e-120,1
r_3780,6.414418485929196e-80,1
r_3781,0.0,1
r_3782,0.0,1
r_3783,0.0,1
r_3784,0.0,1
r_3785,0.0,1
r_3786,0.0,1
r_3787,0.0,1
r_3788,0.0,1
r_3789,0.0,1
r_3790,0.0,1
r_3791,0.0,1
r_3792,0.0,1
r_3793,0.0,1
r_3794,0.0,1
r_3795,0.0,1
r_3796,0.0,1
r_3797,2.8401429121352306e-29,1
r_3798,1.40787634280384e-53,1
r_3799,1.3353107164076606e-110,1
r_3800,2.5235503329742788e-18,1
r_3801,2.4834020357260942e-89,1
r_3802,1.9102664936936573e-50,1
r_3803,2.148283349618143e-70,1
r_3804,3.649365464149789e-17,1
r_3805,0.0,1
r_3806,0.0,1
r_3807,0.0,1
r_3808,5.984707216066515e-222,1
r_3809,7.189759965441465e-300,1
r_3810,6.0038341232506226e-239,1
r_3811,2.197462426280613e-210,1
r_3812,2.8973451027066288e-288,1
r_3813,0.0,1
r_3814,0.0,1
r_3815,0.0,1
r_3816,0.0,1
r_3817,0.0,1
r_3818,0.0,1
r_3819,0.0,1
r_3820,0.0,1
r_3821,0.0,1
r_3822,0.0,1
r_3823,0.0,1
r_3824,0.0,1
r_3825,0.0,1
r_3826,0.0,1
r_3827,0.0,1
r_3828,0.0,1
r_3829,1000,0
r_3830,1000,0
r_3831,1000,0
r_3832,1000,0
r_3833,1000,0
r_3834,1000,0
r_3835,1000,0
r_3836,1000,0
r_3837,3.176660982659714e-100,1
r_3838,2.8514082170124456e-79,1
r_3839,1.9884439422566464e-130,1
r_3840,1.345125436694343e-137,1
r_3841,4.359079906179182e-132,1
r_3842,4.9694192232079985e-173,1
r_3843,3.26290902263575e-118,1
r_3844,7.367732609579894e-209,1
r_3845,0.0,1
r_3846,0.0,1
r_3847,0.0,1
r_3848,0.0,1
r_3849,0.0,1
r_3850,0.0,1
r_3851,0.0,1
r_3852,0.0,1
r_3853,0.0,1
r_3854,0.0,1
r_3855,0.0,1
r_3856,0.0,1
r_3857,0.0,1
r_3858,0.0,1
r_3859,0.0,1
r_3860,0.0,1
r_3861,1.2392437680367028e-50,1
r_3862,7.497140047443815e-18,1
r_3863,2.044740375628556e-63,1
r_3864,7.300354369902975e-44,1
r_3865,4.710655447808849e-10,1
r_3866,5.637442606408254e-38,1
r_3867,2.2420173806853232e-13,1
r_3868,9.379899689541114e-71,1
r_3869,3.104769296726021e-16,1
r_3870,2.1709399459198673e-23,1
r_3871,2.1875384315155853e-59,1
r_3872,4.6677931017237945e-35,1
r_3873,3.986961613852864e-125,1
r_3874,3.515882446719477e-74,1
r_3875,8.45759506837389e-26,1
r_3876,8.031585454977345e-61,1
r_3877,2.3859344988708315e-27,1
r_3878,3.057561878834952e-241,1
r_3879,2.1098953349588635e-240,1
r_3880,7.12769979837e-311,1
r_3881,3.541695346071839e-152,1
r_3882,1.1675507350657955e-147,1
r_3883,1.563425514139976e-51,1
r_3884,1.2478238842650143e-230,1
r_3885,0.0,1
r_3886,9.924008120821833e-196,1
r_3887,0.0,1
r_3888,0.0,1
r_3889,3.0756762396967745e-192,1
r_3890,1.104570384508178e-12,1
r_3891,0.0,1
r_3892,3.2047024953282904e-223,1
r_3893,0.0,1
r_3894,0.0,1
r_3895,0.0,1
r_3896,0.0,1
r_3897,0.0,1
r_3898,0.0,1
r_3899,0.0,1
r_3900,0.0,1
r_3901,0.0,1
r_3902,0.0,1
r_3903,0.0024872094417262383,1
r_3904,7.704979568309448e-166,1
r_3905,1.5407341081606925e-06,1
r_3906,5.134237269532046e-135,1
r_3907,9.399996947960677e-85,1
r_3908,2.0221358752735342e-67,1
r_3909,4.236819659270527e-97,1
r_3910,8.507573991051181e-44,1
r_3911,1.1042999072521266e-76,1
r_3912,2.5642106980284607e-25,1
r_3913,4.4729657309592016e-17,1
r_3914,1.3783047808703979e-27,1
r_3915,4.563388916990148e-63,1
r_3916,1.893868646104008e-28,1
r_3917,2.9166638318453325e-38,1
r_3918,5.903412346556717e-09,1
r_3919,7.080716685363501e-63,1
r_3920,2.4674650937252535e-113,1
r_3921,4.475485097008123e-102,1
r_3922,2.628359137513382e-39,1
r_3923,0.00397522789434354,1
r_3924,2.4248526991112576e-54,1
r_3925,9.7918512008346e-46,1
r_3926,1.3051764623868123e-20,1
r_3927,1.9056825465820976e-65,1
r_3928,3.716013768786104e-32,1
r_3929,2.1850774174936728e-104,1
r_3930,2.1381096102575335e-199,1
r_3931,0.0,1
r_3932,1.3012530558637377e-57,1
r_3933,8.044881335209244e-13,1
r_3934,2.598084540568099e-194,1
r_3935,3.0818418138758566e-66,1
r_3936,2.686255111706626e-82,1
r_3937,5.771958634219011e-84,1
r_3938,2.421100123747495e-37,1
r_3939,0.0,1
r_3940,6.774990159323865e-67,1
r_3941,1.2093902344784767e-20,1
r_3942,2.550521192829778e-26,1
r_3943,4.278855556323714e-43,1
r_3944,2.5483783406916333e-23,1
r_3945,2.3919732423708573e-64,1
r_3946,3.186240624170564e-33,1
r_3947,9.341003984975644e-31,1
r_3948,6.033416411611598e-95,1
r_3949,5.767630690826482e-45,1
r_3950,3.881669537572838e-27,1
r_3951,1.9563494612529348e-29,1
r_3952,9.483017005549677e-54,1
r_3953,2.396915537487225e-23,1
r_3954,1.5380097713777743e-126,1
r_3955,1.1479376904366594e-116,1
r_3956,3.341538726612681e-09,1
r_3957,0.0,1
r_3958,0.0,1
r_3959,0.0,1
r_3960,0.0,1
r_3961,0.0,1
r_3962,0.0,1
r_3963,0.0,1
r_3964,0.0,1
r_3965,0.0,1
r_3966,0.0,1
r_3967,0.0,1
r_3968,0.0,1
r_3969,0.0,1
r_3970,0.0,1
r_3971,0.0,1
r_3972,0.0,1
r_3973,0.0,1
r_3975,0.0,1
r_3976,0.0,1
r_3977,0.0,1
r_3978,0.0,1
r_3979,1.4267431293482908e-274,1
r_3980,0.0,1
r_3981,0.0,1
r_3982,0.0,1
r_3983,0.0,1
r_3984,0.0,1
r_3985,0.0,1
r_3986,0.0,1
r_3987,0.0,1
r_3988,0.0,1
r_3989,0.0,1
r_3990,0.0,1
r_3991,0.0,1
r_3992,3.9585579767430694e-78,1
r_3993,0.0,1
r_3994,0.0,1
r_3995,0.0,1
r_3996,0.0,1
r_3997,0.0,1
r_3998,0.0,1
r_3999,0.0,1
r_4000,0.0,1
r_4001,0.0,1
r_4002,0.0,1
r_4003,0.0,1
r_4004,0.0,1
r_4005,0.0,1
r_4006,0.0,1
r_4007,0.0,1
r_4008,0.0,1
r_4009,0.0,1
r_4010,0.0,1
r_4011,0.0,1
r_4012,0.0,1
r_4013,0.0,1
r_4014,2.8780315149330187e-82,1
r_4015,0.0,1
r_4016,0.0,1
r_4017,0.0,1
r_4018,0.0,1
r_4019,0.0,1
r_4020,0.0,1
r_4021,0.0,1
r_4022,6.5198430741635275e-53,1
r_4023,0.0,1
r_4024,0.0,1
r_4025,0.0,1
r_4026,0.0,1
r_4027,0.0,1
r_4028,0.0,1
r_4029,0.0,1
r_4030,0.0,1
r_4031,0.0,1
r_4032,0.0,1
r_4033,0.0,1
r_4034,0.0,1
r_4035,0.0,1
r_4036,0.0,1
r_4037,0.0,1
r_4038,0.0,1
r_4039,0.0,1
r_4040,0.0,1
r_4041,0.0,1
r_4042,1000,0
r_4043,1000,0
r_4044,1000,0
r_4045,5.193118044206108e-37,1
r_4046,0.0,1
r_4047,0.0,1
r_4048,0.0,1
r_4049,0.0,1
r_4050,0.0,1
r_4051,1000,0
r_4052,1000,0
r_4053,1000,0
r_4054,1000,0
r_4055,1000,0
r_4056,1000,0
r_4057,1000,0
r_4058,1000,0
r_4059,1000,0
r_4060,1000,0
r_4061,1000,0
r_4062,1000,0
r_4063,0.0,1
r_4064,1000,0
r_4065,0.0,1
r_4066,0.0,1
r_4067,0.0,1
r_4068,1.37973512023655e-310,1
r_4069,0.0,1
r_4070,0.0,1
r_4071,0.0,1
r_4072,0.0,1
r_4073,0.0,1
r_4074,0.0,1
r_4075,0.0,1
r_4076,4.387973976583837e-261,1
r_4077,5.226898106994581e-105,1
r_4078,5.999082931666843e-260,1
r_4079,2.844566886088363e-105,1
r_4080,7.832348094784237e-97,1
r_4081,0.0,1
r_4082,0.0,1
r_4083,0.0,1
r_4084,0.0,1
r_4085,0.0,1
r_4086,0.0,1
r_4087,0.0,1
r_4088,0.0,1
r_4089,0.0,1
r_4090,0.0,1
r_4091,2.356847891878234e-152,1
r_4092,0.0,1
r_4093,0.0,1
r_4094,0.0,1
r_4095,3.5445116329083046e-141,1
r_4096,0.0,1
r_4097,0.0,1
r_4098,0.0,1
r_4099,0.0,1
r_4100,2.025576322567265e-247,1
r_4101,0.0,1
r_4102,0.0,1
r_4103,7.4453982308968e-94,1
r_4104,0.0,1
r_4105,0.0,1
r_4106,0.0,1
r_4107,0.0,1
r_4108,0.0,1
r_4109,0.0,1
r_4110,0.0,1
r_4111,0.0,1
r_4112,0.0,1
r_4113,0.0,1
r_4114,4.4425099536030145e-307,1
r_4115,1.3505894614795917e-261,1
r_4116,0.0,1
r_4117,0.0,1
r_4118,0.0,1
r_4119,1.2717476342290383e-227,1
r_4120,1.3133727923165184e-80,1
r_4121,0.0,1
r_4122,0.0,1
r_4123,0.0,1
r_4124,0.0,1
r_4125,0.0,1
r_4126,0.0,1
r_4127,0.0,1
r_4128,0.0,1
r_4129,0.0,1
r_4130,0.0,1
r_4131,2.3276781005323936e-132,1
r_4132,2.0173729444513376e-261,1
r_4133,0.0,1
r_4134,3.1954680427508846e-268,1
r_4135,0.0,1
r_4136,0.0,1
r_4137,6.219982409651805e-209,1
r_4138,1.9687727663966516e-290,1
r_4139,0.0,1
r_4140,0.0,1
r_4141,0.0,1
r_4142,0.0,1
r_4143,0.0,1
r_4144,0.0,1
r_4145,0.0,1
r_4146,0.0,1
r_4147,6.335466362840576e-272,1
r_4148,0.0,1
r_4149,1.69251159871335e-84,1
r_4150,0.0,1
r_4151,0.0,1
r_4152,1000,0
r_4153,1000,0
r_4154,1000,0
r_4155,1000,0
r_4156,7.066941034689646e-47,1
r_4157,1000,0
r_4158,1000,0
r_4159,1000,0
r_4160,1000,0
r_4161,3.9801682088377127e-82,1
r_4162,5.708687311030121e-11,1
r_4163,0.0,1
r_4164,1000,0
r_4165,1000,0
r_4166,1000,0
r_4167,1000,0
r_4168,1000,0
r_4169,1000,0
r_4170,1000,0
r_4171,7.019187669265333e-57,1
r_4172,1000,0
r_4173,1000,0
r_4174,1000,0
r_4175,1000,0
r_4176,1000,0
r_4177,1000,0
r_4178,1000,0
r_4179,1000,0
r_4180,1000,0
r_4181,1000,0
r_4183,1000,0
r_4184,1000,0
r_4185,7.062936130791972e-28,1
r_4186,1000,0
r_4187,1000,0
r_4188,1.8049102959968819e-56,1
r_4189,1000,0
r_4190,1000,0
r_4191,1000,0
r_4192,1000,0
r_4193,1000,0
r_4194,1000,0
r_4195,1000,0
r_4196,0.0,1
r_4197,1000,0
r_4198,1000,0
r_4199,1000,0
r_4200,1000,0
r_4201,1000,0
r_4202,0.0,1
r_4203,0.0,1
r_4204,0.0,1
r_4205,1.8049102959968819e-56,1
r_4206,1000,0
r_4207,1000,0
r_4208,1000,0
r_4209,1000,0
r_4210,1000,0
r_4211,1000,0
r_4212,0.0,1
r_4214,3.880301633596192e-83,1
r_4215,1000,0
r_4216,2.724611444900968e-72,1
r_4217,1000,0
r_4218,1000,0
r_4219,1000,0
r_4220,1000,0
r_4221,1000,0
r_4222,1000,0
r_4223,1000,0
r_4224,3.1989431389878792e-80,1
r_4225,1000,0
r_4226,0.0,1
r_4227,1000,0
r_4228,1000,0
r_4230,1000,0
r_4231,1000,0
r_4232,0.0,1
r_4233,1000,0
r_4234,1000,0
r_4236,0.0,1
r_4237,1000,0
r_4238,1000,0
r_4239,1000,0
r_4240,1000,0
r_4241,1000,0
r_4242,1000,0
r_4243,1000,0
r_4244,1000,0
r_4245,1000,0
r_4246,1000,0
r_4247,1000,0
r_4248,0.0,1
r_4249,4.9250562075011e-217,1
r_4250,1000,0
r_4251,1000,0
r_4252,1000,0
r_4253,1000,0
r_4254,1000,0
r_4255,1000,0
r_4256,1000,0
r_4258,1000,0
r_4260,1000,0
r_4261,1000,0
r_4262,0.0,1
r_4263,1000,0
r_4264,0.0,1
r_4265,1000,0
r_4266,4.691584842538695e-52,1
r_4267,6.748261251191294e-73,1
r_4268,0.31747238087033536,0
r_4269,1000,0
r_4270,1000,0
r_4271,1000,0
r_4272,1000,0
r_4273,1000,0
r_4274,2.7662038984416268e-235,1
r_4275,1000,0
r_4276,1000,0
r_4277,1000,0
r_4278,1000,0
r_4279,1000,0
r_4280,0.0,1
r_4281,0.0,1
r_4282,1000,0
r_4283,1000,0
r_4284,1000,0
r_4285,1000,0
r_4286,0.0,1
r_4287,1000,0
r_4288,1000,0
r_4291,1000,0
r_4292,8.203302118481065e-48,1
r_4293,6.505973879115251e-38,1
r_4294,1000,0
r_4295,1000,0
r_4296,1000,0
r_4297,1000,0
r_4298,1000,0
r_4299,1000,0
r_4300,1000,0
r_4301,1000,0
r_4302,1000,0
r_4303,1000,0
r_4304,1000,0
r_4305,1000,0
r_4306,1000,0
r_4307,1000,0
r_4308,1000,0
r_4309,1000,0
r_4310,1000,0
r_4311,1000,0
r_4312,1000,0
r_4313,1000,0
r_4314,1000,0
r_4315,3.868494125346899e-233,1
r_4316,1000,0
r_4317,1000,0
r_4318,1000,0
r_4319,1000,0
r_4320,1000,0
r_4321,1000,0
r_4322,1000,0
r_4323,0.0,1
r_4324,0.0,1
r_4325,1000,0
r_4326,1000,0
r_4327,1000,0
r_4328,1000,0
r_4329,1000,0
r_4330,8.91804698148925e-108,1
r_4331,1000,0
r_4332,0.0,1
r_4333,1000,0
r_4334,1000,0
r_4335,4.3643726885620634e-76,1
r_4336,1000,0
r_4337,1000,0
r_4338,1000,0
r_4339,1000,0
r_4340,1000,0
r_4341,0.0,1
r_4342,0.0,1
r_4343,3.84267038618555e-72,1
r_4344,3.84267038618555e-72,1
r_4345,7.043663348516706e-35,1
r_4346,7.043663348516706e-35,1
r_4347,0.0,1
r_4348,0.0,1
r_4349,3.868494125346899e-233,1
r_4350,3.868494125346899e-233,1
r_4351,0.0,1
r_4352,0.0,1
r_4353,0.0,1
r_4354,1.2626566484841696e-145,1
r_4355,0.0,1
r_4356,0.0,1
r_4357,6.375927731615864e-232,1
r_4358,2.003203478402492e-158,1
r_4359,0.0,1
r_4360,0.0,1
r_4361,0.0,1
r_4362,0.0,1
r_4363,1000,0
r_4364,1000,0
r_4365,1000,0
r_4366,0.0,1
r_4367,0.0,1
r_4368,0.0,1
r_4369,0.0,1
r_4370,7.772505011271e-311,1
r_4371,1.2531189697198586e-148,1
r_4372,9.950886502568e-311,1
r_4373,9.950886502568e-311,1
r_4374,5.188349700455964e-133,1
r_4375,3.7746868731489907e-29,1
r_4376,0.0,1
r_4377,0.0,1
r_4378,1000,0
r_4379,1000,0
r_4380,0.0,1
r_4381,0.0,1
r_4382,1000,0
r_4383,1000,0
r_4384,4.4245446255786044e-219,1
r_4385,4.4245446255786044e-219,1
r_4386,0.0,1
r_4387,0.0,1
r_4388,0.0,1
r_4389,0.0,1
r_4390,1000,0
r_4391,1000,0
r_4392,1000,0
r_4393,1000,0
r_4394,1000,0
r_4395,1000,0
r_4396,4.580477331468162e-291,1
r_4397,0.0,1
r_4398,0.0,1
r_4399,0.0,1
r_4400,1000,0
r_4401,0.0,1
r_4402,0.0,1
r_4403,0.0,1
r_4404,0.0,1
r_4405,0.0,1
r_4406,0.0,1
r_4407,0.0,1
r_4408,0.0,1
r_4409,0.0,1
r_4410,0.0,1
r_4411,3.4601134180658922e-217,1
r_4412,1000,0
r_4413,7.416079083379214e-56,1
r_4414,0.0,1
r_4415,0.0,1
r_4416,0.0,1
r_4417,0.0,1
r_4418,0.0,1
r_4419,3.4601134180658922e-217,1
r_4420,1000,0
r_4421,4.0784140325194e-135,1
r_4422,0.0,1
r_4423,0.0,1
r_4424,0.0,1
r_4425,0.0,1
r_4426,0.0,1
r_4427,0.0,1
r_4428,0.0,1
r_4429,0.0,1
r_4430,0.0,1
r_4431,0.0,1
r_4432,4.0784140325194e-135,1
r_4433,7.416079083379214e-56,1
r_4434,1.343842716093992e-51,1
r_4435,0.0,1
r_4436,1.343842716093992e-51,1
r_4437,0.0,1
r_4438,0.0,1
r_4439,0.0,1
r_4440,7.066941034696029e-47,1
r_4441,0.0,1
r_4442,4.940193132568603e-245,1
r_4443,1000,0
r_4444,0.0,1
r_4445,0.0,1
r_4446,0.0,1
r_4447,0.0,1
r_4448,7.066941034689646e-47,1
r_4449,7.066941034689646e-47,1
r_4450,0.0,1
r_4451,0.0,1
r_4452,1000,0
r_4453,0.0,1
r_4454,1.5900441650248128e-93,1
r_4455,7.968231460156328e-285,1
r_4456,0.0,1
r_4457,0.0,1
r_4458,8.189647144299189e-257,1
r_4459,2.3462547696259252e-40,1
r_4460,0.0,1
r_4461,4.960831701004817e-242,1
r_4462,1000,0
r_4463,9.029920801769056e-09,1
r_4464,0.0,1
r_4465,1000,0
r_4466,0.0,1
r_4467,0.0,1
r_4468,1000,0
r_4469,0.0,1
r_4470,0.0,1
r_4471,0.0,1
r_4472,0.0,1
r_4473,0.0,1
r_4474,0.0,1
r_4475,0.0,1
r_4476,0.0,1
r_4477,1000,0
r_4478,0.0,1
r_4479,0.0,1
r_4480,4.940193132568603e-245,1
r_4481,9.29195227720264e-106,1
r_4482,0.0,1
r_4483,0.0,1
r_4484,3.480479259433173e-85,1
r_4485,7.314637408254789e-287,1
r_4486,7.314637408254789e-287,1
r_4487,7.314637408254789e-287,1
r_4488,7.314637408254789e-287,1
r_4489,1000,0
r_4490,1000,0
r_4491,0.0,1
r_4492,0.0,1
r_4493,2.946430077367976e-14,1
r_4494,1000,0
r_4495,0.0,1
r_4496,0.0,1
r_4497,0.0,1
r_4498,1000,0
r_4499,4.4245446255786044e-219,1
r_4500,1000,0
r_4501,1000,0
r_4502,0.0,1
r_4503,1000,0
r_4504,0.0,1
r_4505,1000,0
r_4506,0.0,1
r_4507,0.0,1
r_4508,0.0,1
r_4509,0.0,1
r_4510,0.0,1
r_4511,0.0,1
r_4512,0.0,1
r_4513,0.0,1
r_4514,0.0,1
r_4515,0.0,1
r_4516,0.0,1
r_4517,0.0,1
r_4518,7.066941034696029e-47,1
r_4519,0.0,1
r_4520,0.0,1
r_4521,4.960831701004817e-242,1
r_4522,0.0,1
r_4523,0.0,1
r_4524,0.0,1
r_4525,0.0,1
r_4526,0.0,1
r_4527,0.0,1
r_4528,0.0,1
r_4529,7.968231460156328e-285,1
r_4530,0.0,1
r_4531,0.0,1
r_4532,0.0,1
r_4533,0.0,1
r_4534,7.043663348516706e-35,1
r_4535,0.0,1
r_4536,0.0,1
r_4537,3.868494125346899e-233,1
r_4538,8.189647144299189e-257,1
r_4539,0.0,1
r_4540,1000,0
r_4541,0.0,1
r_4542,3.84267038618555e-72,1
r_4543,0.0,1
r_4544,1000,0
r_4545,0.0,1
r_4546,0.0,1
r_4547,2.3462547696259252e-40,1
r_4548,9.029920801769056e-09,1
r_4549,0.0,1
r_4550,0.0,1
r_4551,3.7746868731489907e-29,1
r_4552,0.0,1
r_4553,3.4601134180658922e-217,1
r_4554,4.0784140325194e-135,1
r_4555,2.946430077367976e-14,1
r_4556,0.0,1
r_4557,1.5900441650262203e-93,1
r_4558,0.0,1
r_4559,1.343842716093992e-51,1
r_4560,7.416079083379214e-56,1
r_4561,1.2531189697198586e-148,1
r_4562,2.0032034784006648e-158,1
r_4563,0.0,1
r_4564,0.0,1
r_4565,9.950886502568e-311,1
r_4566,0.0,1
r_4567,2.897171643355001e-59,1
r_4568,1000,0
r_4569,1000,0
r_4570,0.0,1
r_4571,0.0,1
r_4572,9.521392879895098e-297,1
r_4573,0.0,1
r_4574,1.1947837583256217e-236,1
r_4575,1.5020514711885085e-53,1
r_4576,1000,0
r_4577,1000,0
r_4578,1000,0
r_4579,1000,0
r_4580,1000,0
r_4581,7.166000588661009e-224,1
r_4582,7.166000588661009e-224,1
r_4583,2.640796667959729e-42,1
r_4584,2.640796667959729e-42,1
r_4585,1000,0
r_4586,1000,0
r_4587,0.0,1
r_4588,0.0,1
r_4589,0.0,1
r_4590,0.0,1
r_4591,0.0,1
r_4592,0.0,1
r_4593,0.0,1
r_4594,0.0,1
r_4595,0.0,1
r_4596,0.0,1
r_4597,0.0,1
r_4598,0.0,1
r_4599,0.0,1
r_4600,0.0,1
r_4601,0.0,1
r_4602,1000,0
r_4603,1000,0
r_4604,0.9959450972049425,0
r_4605,0.0,1
r_4606,1000,0
r_4607,3.335076566294865e-129,1
r_4608,2.9940390148124857e-264,1
r_4609,1.286696132651204e-63,1
r_4610,2.2911853563741816e-19,1
r_4611,1.2866961326523817e-63,1
r_4612,1000,0
r_4613,1000,0
r_4614,1000,0
r_4615,1000,0
r_4616,1000,0
r_4617,1000,0
r_4618,1000,0
r_4619,1000,0
r_4620,1000,0
r_4621,4.9250562075011e-217,1
r_4622,1000,0
r_4623,1000,0
r_4624,1000,0
r_4625,1000,0
r_4626,1000,0
r_4627,1000,0
r_4628,1000,0
r_4629,2.2240392714654747e-148,1
r_4630,0.0,1
r_4631,2.460707818739372e-176,1
r_4632,1000,0
r_4633,0.0,1
r_4634,2.2240392714654747e-148,1
r_4635,0.0,1
r_4636,2.460707818739372e-176,1
r_4637,1000,0
r_4638,0.0,1
r_4639,2.2240392714654747e-148,1
r_4640,0.0,1
r_4641,2.460707818739372e-176,1
r_4642,1000,0
r_4643,0.0,1
r_4644,2.2240392714654747e-148,1
r_4645,0.0,1
r_4646,2.460707818739372e-176,1
r_4647,1000,0
r_4648,0.0,1
r_4649,0.0,1
r_4650,0.0,1
r_4651,2.3453784341425885e-224,1
r_4652,0.0,1
r_4653,1000,0
r_4654,0.0,1
r_4655,1000,0
r_4656,1.0019173101994545e-235,1
r_4657,0.0,1
r_4658,1.0019173101994545e-235,1
r_4659,0.0,1
r_4660,0.0,1
r_4661,0.0,1
r_4662,1000,0
r_4663,0.0,1
r_4664,1000,0
r_4665,0.0,1
r_4666,0.0,1
r_4667,0.0,1
r_4668,0.0,1
r_4669,0.0,1
r_4670,7.013260312297353e-178,1
r_4671,1000,0
r_4672,0.0,1
r_4673,1000,0
r_4674,0.0,1
r_4675,2.0409728951100288e-237,1
r_4676,0.0,1
r_4677,2.0409728951100288e-237,1
r_4678,0.0,1
r_4679,0.0,1
r_4680,0.0,1
r_4681,0.0,1
r_4682,2.460707818739372e-176,1
r_4683,2.2240392714654747e-148,1
r_4684,0.0,1
r_4685,0.0,1
r_4686,0.0,1
r_4687,0.0,1
r_4688,0.0,1
r_4689,0.0,1
r_4690,0.0,1
r_4691,0.0,1
r_4692,0.0,1
r_4693,0.0,1
r_4694,0.0,1
r_4695,0.0,1
r_4697,0.0,1
r_4698,0.0,1
r_4699,0.0,1
r_4700,0.0,1
r_4701,4.9250562075011e-217,1
r_4702,1.1533967365509427e-233,1
r_4703,1.1533967365509427e-233,1
r_4704,1000,0
r_4705,1000,0
r_4706,1000,0
r_4707,1000,0
r_4708,0.0,1
r_4709,1000,0
r_4710,1000,0
r_4711,5.8420589146298385e-31,1
r_4712,1000,0
r_4713,1.3712563939684882e-89,1
r_4714,1000,0
r_4715,1000,0
r_4716,1000,0
r_4717,1000,0
r_4718,1000,0
r_4719,0.0,1
r_4720,1000,0
r_4721,0.0,1
r_4722,1000,0
r_4723,1000,0
r_4724,7.902623933740571e-66,1
r_4725,1000,0
r_4726,1000,0
r_4727,1000,0
r_4728,1000,0
r_4729,1000,0
r_4730,0.0,1
r_4731,1000,0
r_4732,1000,0
r_4733,1000,0
r_4734,1000,0
r_4735,1000,0
r_4736,1000,0
r_4737,1000,0
r_4738,1000,0
r_4739,1000,0
r_4740,1000,0
r_4741,0.0,1
r_4742,1000,0
r_4743,1000,0
r_4744,1000,0
r_4745,1000,0
r_4746,1000,0
r_4747,1000,0
r_4748,1000,0
r_4749,1.440936237339038e-56,1
r_4750,1000,0
r_4751,1000,0
r_4752,1000,0
r_4753,1000,0
r_4754,6.496842436665229e-302,1
r_4755,1000,0
r_4756,1000,0
r_4757,1000,0
r_4758,1000,0
r_4759,1.1532149632990136e-116,1
r_4760,1000,0
r_4761,1000,0
r_4762,0.0,1
r_4763,1000,0
r_4764,1000,0
r_4765,1000,0
r_4766,1000,0
r_4767,8.863329871065078e-150,1
r_4768,1000,0
r_4769,1.440936237339038e-56,1
r_4770,4.868211940097855e-71,1
r_4771,1000,0
r_4772,1000,0
r_4773,1000,0
r_4774,0.0,1
r_4775,0.0,1
r_4776,0.0,1
r_4777,1000,0
r_4778,1000,0
r_4779,1000,0
r_4780,0.0,1
r_4781,1000,0
r_4782,1000,0
r_4783,1000,0
r_4784,1000,0
r_4785,1000,0
r_4786,1000,0
r_4787,0.0,1
r_4788,0.0,1
r_4789,1000,0
r_4790,1000,0
r_4791,1000,0
r_4792,1.794596860331674e-67,1
r_4793,1000,0
r_4794,1000,0
r_4795,1000,0
r_4796,1000,0
r_4797,1000,0
r_4798,1000,0
r_4799,1000,0
r_4800,1000,0
r_4801,1000,0
r_4802,1000,0
r_4803,8.510483946649815e-285,1
r_4804,0.0,1
r_4805,1000,0
r_4806,1000,0
r_4807,1000,0
r_4808,0.0,1
r_4809,1000,0
r_4810,0.0,1
r_4811,1000,0
r_4812,1000,0
r_4813,1000,0
r_4814,1000,0
r_4815,1000,0
r_4816,1000,0
r_4817,1000,0
r_4818,1000,0
r_4819,1000,0
r_4820,6.82502520421205e-70,1
r_4821,1000,0
r_4822,0.0,1
r_4823,1000,0
r_4824,1000,0
r_4825,1000,0
r_4826,1000,0
r_4827,0.0,1
r_4828,1000,0
r_4829,1000,0
r_4830,1000,0
r_4831,1000,0
r_4832,1000,0
r_4833,1000,0
r_4834,1000,0
r_4835,1000,0
r_4836,1000,0
r_4837,0.0,1
r_4838,1000,0
r_4839,1000,0
r_4840,1000,0
r_4841,1000,0
r_4842,1000,0
r_4843,1000,0
r_4844,1000,0
r_4845,1000,0
r_4846,1000,0
